Name;Type;IsLazyActive;Hostname;Dimension;Runtime [s];IsOptimal;Objective;UsedHeuristicValue;DecisionVariables;TotalConstraints;AdditionalConstraints;Iterations;TruckSpeed;DroneSpeed;DroneFleetSize;DronesDeliveryPossibleAndInFlightRange;DroneFlightRangePercentage
bayg29;PDSTSP;true;wr16;29;0,10566556;true;161;-1;436;43;13;1;10;10;1;0;0,1
bayg29;PDSTSP;true;wr16;29;0,080265382;true;156;-1;438;47;16;1;10;10;1;2;0,2
bayg29;PDSTSP;true;wr16;29;0,139314654;true;126;-1;447;38;7;1;10;10;1;11;0,4
bayg29;PDSTSP;true;wr16;29;0,068501502;true;161;-1;436;43;13;1;10;10;2;0;0,1
bayg29;PDSTSP;true;wr16;29;0,091577675;true;156;-1;440;49;17;1;10;10;2;2;0,2
bayg29;PDSTSP;true;wr16;29;0,022956735;true;124;-1;458;39;7;1;10;10;2;11;0,4
bayg29;PDSTSP;true;wr16;29;0,079326771;true;161;-1;436;43;13;1;10;10;4;0;0,1
bayg29;PDSTSP;true;wr16;29;0,084351007;true;156;-1;444;50;16;1;10;10;4;2;0,2
bayg29;PDSTSP;true;wr16;29;0,026021793;true;124;-1;480;41;7;1;10;10;4;11;0,4
bayg29;PDSTSP;true;wr16;29;0,071661666;true;161;-1;436;43;13;1;10;20;1;0;0,1
bayg29;PDSTSP;true;wr16;29;0,066193814;true;156;-1;438;47;16;1;10;20;1;2;0,2
bayg29;PDSTSP;true;wr16;29;0,014632293;true;124;-1;447;41;10;1;10;20;1;11;0,4
bayg29;PDSTSP;true;wr16;29;0,054218856;true;161;-1;436;43;13;1;10;20;2;0;0,1
bayg29;PDSTSP;true;wr16;29;0,092638998;true;156;-1;440;49;17;1;10;20;2;2;0,2
bayg29;PDSTSP;true;wr16;29;0,011173441;true;124;-1;458;37;5;1;10;20;2;11;0,4
bayg29;PDSTSP;true;wr16;29;0,065739284;true;161;-1;436;43;13;1;10;20;4;0;0,1
bayg29;PDSTSP;true;wr16;29;0,123386618;true;156;-1;444;50;16;1;10;20;4;2;0,2
bayg29;PDSTSP;true;wr16;29;0,015255335;true;124;-1;480;42;8;1;10;20;4;11;0,4
bayg29;PDSTSP;true;wr16;29;0,063789469;true;161;-1;436;43;13;1;10;40;1;0;0,1
bayg29;PDSTSP;true;wr16;29;0,07217293;true;156;-1;438;47;16;1;10;40;1;2;0,2
bayg29;PDSTSP;true;wr16;29;0,016747118;true;124;-1;447;41;10;1;10;40;1;11;0,4
bayg29;PDSTSP;true;wr16;29;0,064457804;true;161;-1;436;43;13;1;10;40;2;0;0,1
bayg29;PDSTSP;true;wr16;29;0,072518718;true;156;-1;440;49;17;1;10;40;2;2;0,2
bayg29;PDSTSP;true;wr16;29;0,014041434;true;124;-1;458;37;5;1;10;40;2;11;0,4
bayg29;PDSTSP;true;wr16;29;0,042049628;true;161;-1;436;43;13;1;10;40;4;0;0,1
bayg29;PDSTSP;true;wr16;29;0,095432743;true;156;-1;444;50;16;1;10;40;4;2;0,2
bayg29;PDSTSP;true;wr16;29;0,015217986;true;124;-1;480;42;8;1;10;40;4;11;0,4
bayg29;PDSTSP;true;wr16;29;0,090065041;true;81;-1;436;44;14;1;20;10;1;0;0,1
bayg29;PDSTSP;true;wr16;29;0,018871387;true;78;-1;438;46;15;1;20;10;1;2;0,2
bayg29;PDSTSP;true;wr16;29;0,020640093;true;68;-1;447;35;4;1;20;10;1;11;0,4
bayg29;PDSTSP;true;wr16;29;0,142409743;true;81;-1;436;44;14;1;20;10;2;0;0,1
bayg29;PDSTSP;true;wr16;29;0,081451468;true;78;-1;440;49;17;1;20;10;2;2;0,2
bayg29;PDSTSP;true;wr16;29;0,029006003;true;63;-1;458;39;7;1;20;10;2;11;0,4
bayg29;PDSTSP;true;wr16;29;0,124878477;true;81;-1;436;44;14;1;20;10;4;0;0,1
bayg29;PDSTSP;true;wr16;29;0,063702157;true;78;-1;444;49;15;1;20;10;4;2;0,2
bayg29;PDSTSP;true;wr16;29;0,023723982;true;62;-1;480;43;9;1;20;10;4;11;0,4
bayg29;PDSTSP;true;wr16;29;0,12562981;true;41;-1;436;43;13;1;40;10;1;0;0,1
bayg29;PDSTSP;true;wr16;29;0,063989152;true;39;-1;438;48;17;1;40;10;1;2;0,2
bayg29;PDSTSP;true;wr16;29;0,018626208;true;37;-1;447;38;7;1;40;10;1;11;0,4
bayg29;PDSTSP;true;wr16;29;0,102621272;true;41;-1;436;43;13;1;40;10;2;0;0,1
bayg29;PDSTSP;true;wr16;29;0,06946785;true;39;-1;440;49;17;1;40;10;2;2;0,2
bayg29;PDSTSP;true;wr16;29;0,067212927;true;35;-1;458;37;5;1;40;10;2;11;0,4
bayg29;PDSTSP;true;wr16;29;0,10119916;true;41;-1;436;43;13;1;40;10;4;0;0,1
bayg29;PDSTSP;true;wr16;29;0,085256711;true;39;-1;444;52;18;1;40;10;4;2;0,2
bayg29;PDSTSP;true;wr16;29;0,062241837;true;32;-1;480;42;8;1;40;10;4;11;0,4
bays29;PDSTSP;true;wr16;29;0,075437756;true;202;-1;436;40;10;1;10;10;1;0;0,1
bays29;PDSTSP;true;wr16;29;0,120587373;true;190;-1;439;43;12;1;10;10;1;3;0,2
bays29;PDSTSP;true;wr16;29;0,017092127;true;160;-1;447;36;5;1;10;10;1;11;0,4
bays29;PDSTSP;true;wr16;29;0,086777792;true;202;-1;436;40;10;1;10;10;2;0;0,1
bays29;PDSTSP;true;wr16;29;0,014824767;true;190;-1;442;47;15;1;10;10;2;3;0,2
bays29;PDSTSP;true;wr16;29;0,025352933;true;160;-1;458;38;6;1;10;10;2;11;0,4
bays29;PDSTSP;true;wr16;29;0,073767249;true;202;-1;436;40;10;1;10;10;4;0;0,1
bays29;PDSTSP;true;wr16;29;0,081633639;true;190;-1;448;45;11;1;10;10;4;3;0,2
bays29;PDSTSP;true;wr16;29;0,015611369;true;160;-1;480;39;5;1;10;10;4;11;0,4
bays29;PDSTSP;true;wr16;29;0,07273398;true;202;-1;436;40;10;1;10;20;1;0;0,1
bays29;PDSTSP;true;wr16;29;0,080593537;true;190;-1;439;43;12;1;10;20;1;3;0,2
bays29;PDSTSP;true;wr16;29;0,016570448;true;160;-1;447;39;8;1;10;20;1;11;0,4
bays29;PDSTSP;true;wr16;29;0,086779864;true;202;-1;436;40;10;1;10;20;2;0;0,1
bays29;PDSTSP;true;wr16;29;0,026997017;true;190;-1;442;47;15;1;10;20;2;3;0,2
bays29;PDSTSP;true;wr16;29;0,01661394;true;160;-1;458;41;9;1;10;20;2;11;0,4
bays29;PDSTSP;true;wr16;29;0,072283083;true;202;-1;436;40;10;1;10;20;4;0;0,1
bays29;PDSTSP;true;wr16;29;0,081879586;true;190;-1;448;45;11;1;10;20;4;3;0,2
bays29;PDSTSP;true;wr16;29;0,011669088;true;160;-1;480;45;11;1;10;20;4;11;0,4
bays29;PDSTSP;true;wr16;29;0,075344637;true;202;-1;436;40;10;1;10;40;1;0;0,1
bays29;PDSTSP;true;wr16;29;0,093610823;true;190;-1;439;43;12;1;10;40;1;3;0,2
bays29;PDSTSP;true;wr16;29;0,01656402;true;160;-1;447;39;8;1;10;40;1;11;0,4
bays29;PDSTSP;true;wr16;29;0,049470511;true;202;-1;436;40;10;1;10;40;2;0;0,1
bays29;PDSTSP;true;wr16;29;0,017357152;true;190;-1;442;47;15;1;10;40;2;3;0,2
bays29;PDSTSP;true;wr16;29;0,017726109;true;160;-1;458;41;9;1;10;40;2;11;0,4
bays29;PDSTSP;true;wr16;29;0,076243286;true;202;-1;436;40;10;1;10;40;4;0;0,1
bays29;PDSTSP;true;wr16;29;0,073458499;true;190;-1;448;45;11;1;10;40;4;3;0,2
bays29;PDSTSP;true;wr16;29;0,016572777;true;160;-1;480;45;11;1;10;40;4;11;0,4
bays29;PDSTSP;true;wr16;29;0,074108514;true;101;-1;436;40;10;1;20;10;1;0;0,1
bays29;PDSTSP;true;wr16;29;0,016192844;true;95;-1;439;43;12;1;20;10;1;3;0,2
bays29;PDSTSP;true;wr16;29;0,077023926;true;86;-1;447;35;4;1;20;10;1;11;0,4
bays29;PDSTSP;true;wr16;29;0,103752121;true;101;-1;436;40;10;1;20;10;2;0;0,1
bays29;PDSTSP;true;wr16;29;0,019788899;true;95;-1;442;47;15;1;20;10;2;3;0,2
bays29;PDSTSP;true;wr16;29;0,014513298;true;80;-1;458;36;4;1;20;10;2;11;0,4
bays29;PDSTSP;true;wr16;29;0,091112019;true;101;-1;436;40;10;1;20;10;4;0;0,1
bays29;PDSTSP;true;wr16;29;0,021556997;true;95;-1;448;45;11;1;20;10;4;3;0,2
bays29;PDSTSP;true;wr16;29;0,022760631;true;80;-1;480;41;7;1;20;10;4;11;0,4
bays29;PDSTSP;true;wr16;29;0,069774579;true;51;-1;436;39;9;1;40;10;1;0;0,1
bays29;PDSTSP;true;wr16;29;0,019977865;true;48;-1;439;46;15;1;40;10;1;3;0,2
bays29;PDSTSP;true;wr16;29;0,087821172;true;47;-1;447;39;8;1;40;10;1;11;0,4
bays29;PDSTSP;true;wr16;29;0,101897453;true;51;-1;436;39;9;1;40;10;2;0;0,1
bays29;PDSTSP;true;wr16;29;0,02539954;true;48;-1;442;46;14;1;40;10;2;3;0,2
bays29;PDSTSP;true;wr16;29;0,100764557;true;44;-1;458;38;6;1;40;10;2;11;0,4
bays29;PDSTSP;true;wr16;29;0,097562478;true;51;-1;436;39;9;1;40;10;4;0;0,1
bays29;PDSTSP;true;wr16;29;0,019903907;true;48;-1;448;46;12;1;40;10;4;3;0,2
bays29;PDSTSP;true;wr16;29;0,087504928;true;41;-1;480;44;10;1;40;10;4;11;0,4
berlin52;PDSTSP;true;wr16;52;0,03725333;true;752;-1;1383;65;11;1;10;10;1;4;0,1
berlin52;PDSTSP;true;wr16;52;0,311465217;true;685;-1;1396;91;37;1;10;10;1;17;0,2
berlin52;PDSTSP;true;wr16;52;0,619612863;true;611;-1;1414;87;33;1;10;10;1;35;0,4
berlin52;PDSTSP;true;wr16;52;0,021388743;true;752;-1;1387;63;8;1;10;10;2;4;0,1
berlin52;PDSTSP;true;wr16;52;0,333544446;true;685;-1;1413;84;29;1;10;10;2;17;0,2
berlin52;PDSTSP;true;wr16;52;0,025134239;true;752;-1;1395;64;7;1;10;10;4;4;0,1
berlin52;PDSTSP;true;wr16;52;0,648086913;true;685;-1;1447;83;26;1;10;10;4;17;0,2
berlin52;PDSTSP;true;wr16;52;0,047188356;true;752;-1;1383;65;11;1;10;20;1;4;0,1
berlin52;PDSTSP;true;wr16;52;0,295808747;true;684;-1;1396;88;34;1;10;20;1;17;0,2
berlin52;PDSTSP;true;wr16;52;7,365900704;true;573;-1;1414;100;46;1;10;20;1;35;0,4
berlin52;PDSTSP;true;wr16;52;0,023655743;true;752;-1;1387;63;8;1;10;20;2;4;0,1
berlin52;PDSTSP;true;wr16;52;0,428711739;true;685;-1;1413;96;41;1;10;20;2;17;0,2
berlin52;PDSTSP;true;wr16;52;0,022322259;true;752;-1;1395;64;7;1;10;20;4;4;0,1
berlin52;PDSTSP;true;wr16;52;0,313902698;true;685;-1;1447;97;40;1;10;20;4;17;0,2
berlin52;PDSTSP;true;wr16;52;0,038048685;true;752;-1;1383;65;11;1;10;40;1;4;0,1
berlin52;PDSTSP;true;wr16;52;0,551221922;true;684;-1;1396;88;34;1;10;40;1;17;0,2
berlin52;PDSTSP;true;wr16;52;7,814306539;true;561;-1;1414;505;451;1;10;40;1;35;0,4
berlin52;PDSTSP;true;wr16;52;0,024806604;true;752;-1;1387;63;8;1;10;40;2;4;0,1
berlin52;PDSTSP;true;wr16;52;0,443894392;true;685;-1;1413;96;41;1;10;40;2;17;0,2
berlin52;PDSTSP;true;wr16;52;0,024376939;true;752;-1;1395;64;7;1;10;40;4;4;0,1
berlin52;PDSTSP;true;wr16;52;0,353239342;true;685;-1;1447;97;40;1;10;40;4;17;0,2
berlin52;PDSTSP;true;wr16;52;0,037696541;true;376;-1;1383;65;11;1;20;10;1;4;0,1
berlin52;PDSTSP;true;wr16;52;0,474070409;true;347;-1;1396;110;56;1;20;10;1;17;0,2
berlin52;PDSTSP;true;wr16;52;0,212077005;true;329;-1;1414;58;4;1;20;10;1;35;0,4
berlin52;PDSTSP;true;wr16;52;0,020613595;true;376;-1;1387;63;8;1;20;10;2;4;0,1
berlin52;PDSTSP;true;wr16;52;0,397012318;true;343;-1;1413;81;26;1;20;10;2;17;0,2
berlin52;PDSTSP;true;wr16;52;2,341527119;true;306;-1;1449;104;49;1;20;10;2;35;0,4
berlin52;PDSTSP;true;wr16;52;0,019879343;true;376;-1;1395;64;7;1;20;10;4;4;0,1
berlin52;PDSTSP;true;wr16;52;0,61864651;true;343;-1;1447;95;38;1;20;10;4;17;0,2
berlin52;PDSTSP;true;wr16;52;0,031398068;true;188;-1;1383;61;7;1;40;10;1;4;0,1
berlin52;PDSTSP;true;wr16;52;0,705809922;true;180;-1;1396;103;49;1;40;10;1;17;0,2
berlin52;PDSTSP;true;wr16;52;0,21964951;true;176;-1;1414;71;17;1;40;10;1;35;0,4
berlin52;PDSTSP;true;wr16;52;0,019676138;true;188;-1;1387;63;8;1;40;10;2;4;0,1
berlin52;PDSTSP;true;wr16;52;0,422846882;true;174;-1;1413;89;34;1;40;10;2;17;0,2
berlin52;PDSTSP;true;wr16;52;0,568694306;true;166;-1;1449;65;10;1;40;10;2;35;0,4
berlin52;PDSTSP;true;wr16;52;0,021001739;true;188;-1;1395;64;7;1;40;10;4;4;0,1
berlin52;PDSTSP;true;wr16;52;0,417156644;true;172;-1;1447;80;23;1;40;10;4;17;0,2
berlin52;PDSTSP;true;wr16;52;24,88336144;true;153;-1;1519;132;75;1;40;10;4;35;0,4
brazil58;PDSTSP;true;wr16;58;0,215680363;true;2485;-1;1718;86;26;1;10;10;1;6;0,1
brazil58;PDSTSP;true;wr16;58;0,347979382;true;2437;-1;1722;94;34;1;10;10;1;10;0,2
brazil58;PDSTSP;true;wr16;58;6,565530166;true;2281;-1;1740;336;276;1;10;10;1;28;0,4
brazil58;PDSTSP;true;wr16;58;0,278358756;true;2485;-1;1724;99;38;1;10;10;2;6;0,1
brazil58;PDSTSP;true;wr16;58;0,429256726;true;2437;-1;1732;100;39;1;10;10;2;10;0,2
brazil58;PDSTSP;true;wr16;58;0,310608662;true;2485;-1;1736;99;36;1;10;10;4;6;0,1
brazil58;PDSTSP;true;wr16;58;0,50231625;true;2437;-1;1752;94;31;1;10;10;4;10;0,2
brazil58;PDSTSP;true;wr16;58;0,259595347;true;2485;-1;1718;86;26;1;10;20;1;6;0,1
brazil58;PDSTSP;true;wr16;58;0,357753813;true;2437;-1;1722;94;34;1;10;20;1;10;0,2
brazil58;PDSTSP;true;wr16;58;86,35532306;true;2186;-1;1740;1712;1652;1;10;20;1;28;0,4
brazil58;PDSTSP;true;wr16;58;0,259847274;true;2485;-1;1724;99;38;1;10;20;2;6;0,1
brazil58;PDSTSP;true;wr16;58;0,3840072;true;2437;-1;1732;100;39;1;10;20;2;10;0,2
brazil58;PDSTSP;true;wr16;58;0,283051414;true;2485;-1;1736;99;36;1;10;20;4;6;0,1
brazil58;PDSTSP;true;wr16;58;0,569381011;true;2437;-1;1752;94;31;1;10;20;4;10;0,2
brazil58;PDSTSP;true;wr16;58;0,296184835;true;2485;-1;1718;86;26;1;10;40;1;6;0,1
brazil58;PDSTSP;true;wr16;58;0,372653415;true;2437;-1;1722;94;34;1;10;40;1;10;0,2
brazil58;PDSTSP;true;wr16;58;7,743387976;true;2046;-1;1740;540;480;1;10;40;1;28;0,4
brazil58;PDSTSP;true;wr16;58;0,245476639;true;2485;-1;1724;99;38;1;10;40;2;6;0,1
brazil58;PDSTSP;true;wr16;58;0,401976843;true;2437;-1;1732;100;39;1;10;40;2;10;0,2
brazil58;PDSTSP;true;wr16;58;0,400446799;true;2485;-1;1736;99;36;1;10;40;4;6;0,1
brazil58;PDSTSP;true;wr16;58;0,57047777;true;2437;-1;1752;94;31;1;10;40;4;10;0,2
brazil58;PDSTSP;true;wr16;58;0,416533729;true;1243;-1;1718;86;26;1;20;10;1;6;0,1
brazil58;PDSTSP;true;wr16;58;0,422559561;true;1219;-1;1722;91;31;1;20;10;1;10;0,2
brazil58;PDSTSP;true;wr16;58;0,999520432;true;1188;-1;1740;153;93;1;20;10;1;28;0,4
brazil58;PDSTSP;true;wr16;58;0,303270695;true;1243;-1;1724;98;37;1;20;10;2;6;0,1
brazil58;PDSTSP;true;wr16;58;0,530886231;true;1219;-1;1732;97;36;1;20;10;2;10;0,2
brazil58;PDSTSP;true;wr16;58;28,74930922;true;1141;-1;1768;306;245;1;20;10;2;28;0,4
brazil58;PDSTSP;true;wr16;58;0,315783084;true;1243;-1;1736;104;41;1;20;10;4;6;0,1
brazil58;PDSTSP;true;wr16;58;0,493252513;true;1219;-1;1752;96;33;1;20;10;4;10;0,2
brazil58;PDSTSP;true;wr16;58;0,429258904;true;622;-1;1718;87;27;1;40;10;1;6;0,1
brazil58;PDSTSP;true;wr16;58;0,767961161;true;614;-1;1722;121;61;1;40;10;1;10;0,2
brazil58;PDSTSP;true;wr16;58;0,870539458;true;613;-1;1740;131;71;1;40;10;1;28;0,4
brazil58;PDSTSP;true;wr16;58;0,340440274;true;622;-1;1724;95;34;1;40;10;2;6;0,1
brazil58;PDSTSP;true;wr16;58;0,408643622;true;610;-1;1732;90;29;1;40;10;2;10;0,2
brazil58;PDSTSP;true;wr16;58;6,256686745;true;594;-1;1768;163;102;1;40;10;2;28;0,4
brazil58;PDSTSP;true;wr16;58;0,3768417;true;622;-1;1736;105;42;1;40;10;4;6;0,1
brazil58;PDSTSP;true;wr16;58;0,51397143;true;610;-1;1752;107;44;1;40;10;4;10;0,2
brazil58;PDSTSP;true;wr16;58;157,2241136;true;572;-1;1824;281;218;1;40;10;4;28;0,4
burma14;PDSTSP;true;wr16;14;0,008222196;true;324;-1;107;18;2;1;10;10;1;1;0,1
burma14;PDSTSP;true;wr16;14;0,018417253;true;310;-1;110;22;6;1;10;10;1;4;0,2
burma14;PDSTSP;true;wr16;14;0,096735418;true;243;-1;112;18;2;1;10;10;1;6;0,4
burma14;PDSTSP;true;wr16;14;0,007393884;true;324;-1;108;19;2;1;10;10;2;1;0,1
burma14;PDSTSP;true;wr16;14;0,008793131;true;310;-1;114;21;4;1;10;10;2;4;0,2
burma14;PDSTSP;true;wr16;14;0,059108962;true;243;-1;118;22;5;1;10;10;2;6;0,4
burma14;PDSTSP;true;wr16;14;0,005961974;true;324;-1;110;22;3;1;10;10;4;1;0,1
burma14;PDSTSP;true;wr16;14;0,008630434;true;310;-1;122;22;3;1;10;10;4;4;0,2
burma14;PDSTSP;true;wr16;14;0,096918014;true;243;-1;130;24;5;1;10;10;4;6;0,4
burma14;PDSTSP;true;wr16;14;0,007540987;true;324;-1;107;18;2;1;10;20;1;1;0,1
burma14;PDSTSP;true;wr16;14;0,012454367;true;310;-1;110;22;6;1;10;20;1;4;0,2
burma14;PDSTSP;true;wr16;14;0,119419449;true;243;-1;112;20;4;1;10;20;1;6;0,4
burma14;PDSTSP;true;wr16;14;0,006497265;true;324;-1;108;19;2;1;10;20;2;1;0,1
burma14;PDSTSP;true;wr16;14;0,009007583;true;310;-1;114;21;4;1;10;20;2;4;0,2
burma14;PDSTSP;true;wr16;14;0,069070866;true;243;-1;118;21;4;1;10;20;2;6;0,4
burma14;PDSTSP;true;wr16;14;0,005266875;true;324;-1;110;22;3;1;10;20;4;1;0,1
burma14;PDSTSP;true;wr16;14;0,009427327;true;310;-1;122;22;3;1;10;20;4;4;0,2
burma14;PDSTSP;true;wr16;14;0,057722397;true;231;-1;130;21;2;1;10;20;4;6;0,4
burma14;PDSTSP;true;wr16;14;0,007500754;true;324;-1;107;18;2;1;10;40;1;1;0,1
burma14;PDSTSP;true;wr16;14;0,012445701;true;310;-1;110;22;6;1;10;40;1;4;0,2
burma14;PDSTSP;true;wr16;14;0,088311652;true;243;-1;112;20;4;1;10;40;1;6;0,4
burma14;PDSTSP;true;wr16;14;0,006928994;true;324;-1;108;19;2;1;10;40;2;1;0,1
burma14;PDSTSP;true;wr16;14;0,007890283;true;310;-1;114;21;4;1;10;40;2;4;0,2
burma14;PDSTSP;true;wr16;14;0,079945248;true;243;-1;118;21;4;1;10;40;2;6;0,4
burma14;PDSTSP;true;wr16;14;0,006368151;true;324;-1;110;22;3;1;10;40;4;1;0,1
burma14;PDSTSP;true;wr16;14;0,008429153;true;310;-1;122;22;3;1;10;40;4;4;0,2
burma14;PDSTSP;true;wr16;14;0,090853622;true;231;-1;130;21;2;1;10;40;4;6;0,4
burma14;PDSTSP;true;wr16;14;0,00430196;true;162;-1;107;18;2;1;20;10;1;1;0,1
burma14;PDSTSP;true;wr16;14;0,0703452;true;155;-1;110;22;6;1;20;10;1;4;0,2
burma14;PDSTSP;true;wr16;14;0,055961049;true;131;-1;112;19;3;1;20;10;1;6;0,4
burma14;PDSTSP;true;wr16;14;0,004466116;true;162;-1;108;19;2;1;20;10;2;1;0,1
burma14;PDSTSP;true;wr16;14;0,041633036;true;155;-1;114;21;4;1;20;10;2;4;0,2
burma14;PDSTSP;true;wr16;14;0,092480363;true;122;-1;118;21;4;1;20;10;2;6;0,4
burma14;PDSTSP;true;wr16;14;0,003074582;true;162;-1;110;22;3;1;20;10;4;1;0,1
burma14;PDSTSP;true;wr16;14;0,082960811;true;155;-1;122;22;3;1;20;10;4;4;0,2
burma14;PDSTSP;true;wr16;14;0,093271794;true;122;-1;130;22;3;1;20;10;4;6;0,4
burma14;PDSTSP;true;wr16;14;0,006906862;true;81;-1;107;18;2;1;40;10;1;1;0,1
burma14;PDSTSP;true;wr16;14;0,082706518;true;78;-1;110;18;2;1;40;10;1;4;0,2
burma14;PDSTSP;true;wr16;14;0,069225988;true;75;-1;112;20;4;1;40;10;1;6;0,4
burma14;PDSTSP;true;wr16;14;0,008139776;true;81;-1;108;19;2;1;40;10;2;1;0,1
burma14;PDSTSP;true;wr16;14;0,10229052;true;78;-1;114;21;4;1;40;10;2;4;0,2
burma14;PDSTSP;true;wr16;14;0,11107778;true;75;-1;118;22;5;1;40;10;2;6;0,4
burma14;PDSTSP;true;wr16;14;0,004842174;true;81;-1;110;22;3;1;40;10;4;1;0,1
burma14;PDSTSP;true;wr16;14;0,08749911;true;78;-1;122;22;3;1;40;10;4;4;0,2
burma14;PDSTSP;true;wr16;14;0,065494953;true;75;-1;130;22;3;1;40;10;4;6;0,4
dantzig42;PDSTSP;true;wr16;42;0,046389952;true;68;-1;907;65;21;1;10;10;1;3;0,1
dantzig42;PDSTSP;true;wr16;42;0,252977626;true;68;-1;910;73;29;1;10;10;1;6;0,2
dantzig42;PDSTSP;true;wr16;42;1,328648629;true;60;-1;921;470;426;1;10;10;1;17;0,4
dantzig42;PDSTSP;true;wr16;42;0,042596378;true;68;-1;910;66;21;1;10;10;2;3;0,1
dantzig42;PDSTSP;true;wr16;42;0,430744842;true;68;-1;916;72;27;1;10;10;2;6;0,2
dantzig42;PDSTSP;true;wr16;42;22,45229662;true;57;-1;938;666;621;1;10;10;2;17;0,4
dantzig42;PDSTSP;true;wr16;42;0,14836304;true;68;-1;916;67;20;1;10;10;4;3;0,1
dantzig42;PDSTSP;true;wr16;42;0,483024702;true;68;-1;928;77;30;1;10;10;4;6;0,2
dantzig42;PDSTSP;true;wr16;42;0,050729437;true;68;-1;907;65;21;1;10;20;1;3;0,1
dantzig42;PDSTSP;true;wr16;42;0,317843301;true;68;-1;910;73;29;1;10;20;1;6;0,2
dantzig42;PDSTSP;true;wr16;42;0,563336467;true;56;-1;921;150;106;1;10;20;1;17;0,4
dantzig42;PDSTSP;true;wr16;42;0,04375906;true;68;-1;910;66;21;1;10;20;2;3;0,1
dantzig42;PDSTSP;true;wr16;42;0,426766641;true;68;-1;916;72;27;1;10;20;2;6;0,2
dantzig42;PDSTSP;true;wr16;42;11,84607692;true;56;-1;938;259;214;1;10;20;2;17;0,4
dantzig42;PDSTSP;true;wr16;42;0,110239447;true;68;-1;916;67;20;1;10;20;4;3;0,1
dantzig42;PDSTSP;true;wr16;42;0,505153462;true;68;-1;928;77;30;1;10;20;4;6;0,2
dantzig42;PDSTSP;true;wr16;42;0,050880726;true;68;-1;907;65;21;1;10;40;1;3;0,1
dantzig42;PDSTSP;true;wr16;42;0,309620073;true;68;-1;910;73;29;1;10;40;1;6;0,2
dantzig42;PDSTSP;true;wr16;42;0,874836627;true;56;-1;921;368;324;1;10;40;1;17;0,4
dantzig42;PDSTSP;true;wr16;42;0,046990599;true;68;-1;910;66;21;1;10;40;2;3;0,1
dantzig42;PDSTSP;true;wr16;42;0,39362979;true;68;-1;916;72;27;1;10;40;2;6;0,2
dantzig42;PDSTSP;true;wr16;42;4,426886511;true;55;-1;938;382;337;1;10;40;2;17;0,4
dantzig42;PDSTSP;true;wr16;42;0,162088451;true;68;-1;916;67;20;1;10;40;4;3;0,1
dantzig42;PDSTSP;true;wr16;42;0,462789864;true;68;-1;928;77;30;1;10;40;4;6;0,2
dantzig42;PDSTSP;true;wr16;42;91,59660447;true;57;-1;972;504;457;1;10;40;4;17;0,4
dantzig42;PDSTSP;true;wr16;42;0,040103807;true;34;-1;907;62;18;1;20;10;1;3;0,1
dantzig42;PDSTSP;true;wr16;42;0,252820166;true;34;-1;910;74;30;1;20;10;1;6;0,2
dantzig42;PDSTSP;true;wr16;42;0,407669419;true;31;-1;921;123;79;1;20;10;1;17;0,4
dantzig42;PDSTSP;true;wr16;42;0,043954935;true;34;-1;910;61;16;1;20;10;2;3;0,1
dantzig42;PDSTSP;true;wr16;42;0,445096033;true;34;-1;916;75;30;1;20;10;2;6;0,2
dantzig42;PDSTSP;true;wr16;42;5,058525415;true;30;-1;938;325;280;1;20;10;2;17;0,4
dantzig42;PDSTSP;true;wr16;42;0,170254338;true;34;-1;916;64;17;1;20;10;4;3;0,1
dantzig42;PDSTSP;true;wr16;42;0,336468866;true;34;-1;928;74;27;1;20;10;4;6;0,2
dantzig42;PDSTSP;true;wr16;42;1225,903851;true;29;-1;972;878;831;1;20;10;4;17;0,4
dantzig42;PDSTSP;true;wr16;42;0,038337201;true;17;-1;907;55;11;1;40;10;1;3;0,1
dantzig42;PDSTSP;true;wr16;42;0,247163518;true;17;-1;910;73;29;1;40;10;1;6;0,2
dantzig42;PDSTSP;true;wr16;42;0,499200536;true;16;-1;921;71;27;1;40;10;1;17;0,4
dantzig42;PDSTSP;true;wr16;42;0,045200605;true;17;-1;910;58;13;1;40;10;2;3;0,1
dantzig42;PDSTSP;true;wr16;42;0,550101348;true;17;-1;916;69;24;1;40;10;2;6;0,2
dantzig42;PDSTSP;true;wr16;42;0,664887526;true;16;-1;938;103;58;1;40;10;2;17;0,4
dantzig42;PDSTSP;true;wr16;42;0,11433046;true;17;-1;916;68;21;1;40;10;4;3;0,1
dantzig42;PDSTSP;true;wr16;42;0,406509445;true;17;-1;928;87;40;1;40;10;4;6;0,2
dantzig42;PDSTSP;true;wr16;42;0,589206032;true;15;-1;972;98;51;1;40;10;4;17;0,4
dj38;PDSTSP;true;wr16;38;0,024819408;true;666;-1;742;47;8;1;10;10;1;0;0,1
dj38;PDSTSP;true;wr16;38;0,146124045;true;666;-1;743;56;16;1;10;10;1;1;0,2
dj38;PDSTSP;true;wr16;38;0,122873356;true;654;-1;746;55;15;1;10;10;1;4;0,4
dj38;PDSTSP;true;wr16;38;0,019726908;true;666;-1;742;47;8;1;10;10;2;0;0,1
dj38;PDSTSP;true;wr16;38;0,079182349;true;666;-1;744;57;16;1;10;10;2;1;0,2
dj38;PDSTSP;true;wr16;38;0,156748058;true;654;-1;750;56;15;1;10;10;2;4;0,4
dj38;PDSTSP;true;wr16;38;0,020519997;true;666;-1;742;47;8;1;10;10;4;0;0,1
dj38;PDSTSP;true;wr16;38;0,114861402;true;666;-1;746;57;14;1;10;10;4;1;0,2
dj38;PDSTSP;true;wr16;38;0,094070912;true;654;-1;758;57;14;1;10;10;4;4;0,4
dj38;PDSTSP;true;wr16;38;0,022662511;true;666;-1;742;47;8;1;10;20;1;0;0,1
dj38;PDSTSP;true;wr16;38;0,137578558;true;666;-1;743;56;16;1;10;20;1;1;0,2
dj38;PDSTSP;true;wr16;38;0,120444395;true;654;-1;746;55;15;1;10;20;1;4;0,4
dj38;PDSTSP;true;wr16;38;0,023165736;true;666;-1;742;47;8;1;10;20;2;0;0,1
dj38;PDSTSP;true;wr16;38;0,095328276;true;666;-1;744;57;16;1;10;20;2;1;0,2
dj38;PDSTSP;true;wr16;38;0,107012045;true;654;-1;750;56;15;1;10;20;2;4;0,4
dj38;PDSTSP;true;wr16;38;0,020615422;true;666;-1;742;47;8;1;10;20;4;0;0,1
dj38;PDSTSP;true;wr16;38;0,143475722;true;666;-1;746;57;14;1;10;20;4;1;0,2
dj38;PDSTSP;true;wr16;38;0,105920291;true;654;-1;758;57;14;1;10;20;4;4;0,4
dj38;PDSTSP;true;wr16;38;0,02349855;true;666;-1;742;47;8;1;10;40;1;0;0,1
dj38;PDSTSP;true;wr16;38;0,082122213;true;666;-1;743;56;16;1;10;40;1;1;0,2
dj38;PDSTSP;true;wr16;38;0,145185176;true;654;-1;746;55;15;1;10;40;1;4;0,4
dj38;PDSTSP;true;wr16;38;0,025008362;true;666;-1;742;47;8;1;10;40;2;0;0,1
dj38;PDSTSP;true;wr16;38;0,097925342;true;666;-1;744;57;16;1;10;40;2;1;0,2
dj38;PDSTSP;true;wr16;38;0,116980537;true;654;-1;750;56;15;1;10;40;2;4;0,4
dj38;PDSTSP;true;wr16;38;0,017396083;true;666;-1;742;47;8;1;10;40;4;0;0,1
dj38;PDSTSP;true;wr16;38;0,132408362;true;666;-1;746;57;14;1;10;40;4;1;0,2
dj38;PDSTSP;true;wr16;38;0,106588042;true;654;-1;758;57;14;1;10;40;4;4;0,4
dj38;PDSTSP;true;wr16;38;0,019961531;true;333;-1;742;47;8;1;20;10;1;0;0,1
dj38;PDSTSP;true;wr16;38;0,101021554;true;333;-1;743;55;15;1;20;10;1;1;0,2
dj38;PDSTSP;true;wr16;38;0,085489704;true;328;-1;746;56;16;1;20;10;1;4;0,4
dj38;PDSTSP;true;wr16;38;0,019029973;true;333;-1;742;47;8;1;20;10;2;0;0,1
dj38;PDSTSP;true;wr16;38;0,120496821;true;333;-1;744;57;16;1;20;10;2;1;0,2
dj38;PDSTSP;true;wr16;38;0,104212491;true;327;-1;750;60;19;1;20;10;2;4;0,4
dj38;PDSTSP;true;wr16;38;0,019116564;true;333;-1;742;47;8;1;20;10;4;0;0,1
dj38;PDSTSP;true;wr16;38;0,111127673;true;333;-1;746;57;14;1;20;10;4;1;0,2
dj38;PDSTSP;true;wr16;38;0,128136928;true;327;-1;758;59;16;1;20;10;4;4;0,4
dj38;PDSTSP;true;wr16;38;0,089586052;true;167;-1;742;47;8;1;40;10;1;0;0,1
dj38;PDSTSP;true;wr16;38;0,107761618;true;167;-1;743;56;16;1;40;10;1;1;0,2
dj38;PDSTSP;true;wr16;38;0,116388285;true;165;-1;746;57;17;1;40;10;1;4;0,4
dj38;PDSTSP;true;wr16;38;0,084563405;true;167;-1;742;47;8;1;40;10;2;0;0,1
dj38;PDSTSP;true;wr16;38;0,095089198;true;167;-1;744;57;16;1;40;10;2;1;0,2
dj38;PDSTSP;true;wr16;38;0,079032657;true;164;-1;750;59;18;1;40;10;2;4;0,4
dj38;PDSTSP;true;wr16;38;0,055357887;true;167;-1;742;47;8;1;40;10;4;0;0,1
dj38;PDSTSP;true;wr16;38;0,037152506;true;167;-1;746;57;14;1;40;10;4;1;0,2
dj38;PDSTSP;true;wr16;38;0,118520133;true;164;-1;758;60;17;1;40;10;4;4;0,4
eil101;PDSTSP;true;wr16;101;1,029303385;true;63;-1;5154;135;32;1;10;10;1;2;0,105
eil101;PDSTSP;true;wr16;101;0,608353572;true;60;-1;5159;122;19;1;10;10;1;7;0,2
eil101;PDSTSP;true;wr16;101;3,787371724;true;53;-1;5184;225;122;1;10;10;1;32;0,405
eil101;PDSTSP;true;wr16;101;0,654373656;true;63;-1;5156;124;20;1;10;10;2;2;0,105
eil101;PDSTSP;true;wr16;101;0,443984323;true;60;-1;5166;121;17;1;10;10;2;7;0,2
eil101;PDSTSP;true;wr16;101;2,137637012;true;49;-1;5216;192;88;1;10;10;2;32;0,405
eil101;PDSTSP;true;wr16;101;0,483781837;true;63;-1;5160;124;18;1;10;10;4;2;0,105
eil101;PDSTSP;true;wr16;101;0,536264394;true;60;-1;5180;119;13;1;10;10;4;7;0,2
eil101;PDSTSP;true;wr16;101;1,483900663;true;49;-1;5280;172;66;1;10;10;4;32;0,405
eil101;PDSTSP;true;wr16;101;1,033690096;true;63;-1;5154;135;32;1;10;20;1;2;0,105
eil101;PDSTSP;true;wr16;101;0,573239147;true;60;-1;5159;122;19;1;10;20;1;7;0,2
eil101;PDSTSP;true;wr16;101;0,938165926;true;49;-1;5184;153;50;1;10;20;1;32;0,405
eil101;PDSTSP;true;wr16;101;0,670059184;true;63;-1;5156;124;20;1;10;20;2;2;0,105
eil101;PDSTSP;true;wr16;101;0,466100133;true;60;-1;5166;121;17;1;10;20;2;7;0,2
eil101;PDSTSP;true;wr16;101;1,294286707;true;49;-1;5216;188;84;1;10;20;2;32;0,405
eil101;PDSTSP;true;wr16;101;0,45756761;true;63;-1;5160;124;18;1;10;20;4;2;0,105
eil101;PDSTSP;true;wr16;101;0,533566056;true;60;-1;5180;119;13;1;10;20;4;7;0,2
eil101;PDSTSP;true;wr16;101;1,42798203;true;49;-1;5280;192;86;1;10;20;4;32;0,405
eil101;PDSTSP;true;wr16;101;1,022052135;true;63;-1;5154;135;32;1;10;40;1;2;0,105
eil101;PDSTSP;true;wr16;101;0,560389003;true;60;-1;5159;122;19;1;10;40;1;7;0,2
eil101;PDSTSP;true;wr16;101;1,510137485;true;49;-1;5184;135;32;1;10;40;1;32;0,405
eil101;PDSTSP;true;wr16;101;0,673860293;true;63;-1;5156;124;20;1;10;40;2;2;0,105
eil101;PDSTSP;true;wr16;101;0,434803104;true;60;-1;5166;121;17;1;10;40;2;7;0,2
eil101;PDSTSP;true;wr16;101;1,566330237;true;49;-1;5216;188;84;1;10;40;2;32;0,405
eil101;PDSTSP;true;wr16;101;0,490524201;true;63;-1;5160;124;18;1;10;40;4;2;0,105
eil101;PDSTSP;true;wr16;101;0,500835101;true;60;-1;5180;119;13;1;10;40;4;7;0,2
eil101;PDSTSP;true;wr16;101;1,49782361;true;49;-1;5280;146;40;1;10;40;4;32;0,405
eil101;PDSTSP;true;wr16;101;1,028976145;true;32;-1;5154;180;77;1;20;10;1;2;0,105
eil101;PDSTSP;true;wr16;101;0,592779244;true;30;-1;5159;127;24;1;20;10;1;7;0,2
eil101;PDSTSP;true;wr16;101;1,866480955;true;29;-1;5184;193;90;1;20;10;1;32;0,405
eil101;PDSTSP;true;wr16;101;0,549613319;true;32;-1;5156;126;22;1;20;10;2;2;0,105
eil101;PDSTSP;true;wr16;101;0,667297278;true;30;-1;5166;131;27;1;20;10;2;7;0,2
eil101;PDSTSP;true;wr16;101;1,347953395;true;27;-1;5216;127;23;1;20;10;2;32;0,405
eil101;PDSTSP;true;wr16;101;0,694820809;true;32;-1;5160;130;24;1;20;10;4;2;0,105
eil101;PDSTSP;true;wr16;101;0,576591301;true;30;-1;5180;129;23;1;20;10;4;7;0,2
eil101;PDSTSP;true;wr16;101;2,13797541;true;25;-1;5280;157;51;1;20;10;4;32;0,405
eil101;PDSTSP;true;wr16;101;1,611903973;true;16;-1;5154;175;72;1;40;10;1;2;0,105
eil101;PDSTSP;true;wr16;101;0,602197932;true;15;-1;5159;135;32;1;40;10;1;7;0,2
eil101;PDSTSP;true;wr16;101;2,59637127;true;15;-1;5184;176;73;1;40;10;1;32;0,405
eil101;PDSTSP;true;wr16;101;0,716881378;true;16;-1;5156;134;30;1;40;10;2;2;0,105
eil101;PDSTSP;true;wr16;101;0,530378566;true;15;-1;5166;123;19;1;40;10;2;7;0,2
eil101;PDSTSP;true;wr16;101;1,639606906;true;15;-1;5216;186;82;1;40;10;2;32;0,405
eil101;PDSTSP;true;wr16;101;0,887867328;true;16;-1;5160;182;76;1;40;10;4;2;0,105
eil101;PDSTSP;true;wr16;101;0,680585692;true;15;-1;5180;162;56;1;40;10;4;7;0,2
eil101;PDSTSP;true;wr16;101;1,814271219;true;14;-1;5280;198;92;1;40;10;4;32;0,405
eil51;PDSTSP;true;wr16;51;0,274890648;true;43;-1;1328;83;30;1;10;10;1;1;0,105
eil51;PDSTSP;true;wr16;51;0,108440365;true;42;-1;1330;77;24;1;10;10;1;3;0,205
eil51;PDSTSP;true;wr16;51;0,503741489;true;35;-1;1348;78;25;1;10;10;1;21;0,4
eil51;PDSTSP;true;wr16;51;0,0331829;true;43;-1;1329;68;14;1;10;10;2;1;0,105
eil51;PDSTSP;true;wr16;51;0,058582274;true;42;-1;1333;72;18;1;10;10;2;3;0,205
eil51;PDSTSP;true;wr16;51;0,093278152;true;32;-1;1369;71;17;1;10;10;2;21;0,4
eil51;PDSTSP;true;wr16;51;0,208175037;true;43;-1;1331;76;20;1;10;10;4;1;0,105
eil51;PDSTSP;true;wr16;51;0,06268838;true;42;-1;1339;79;23;1;10;10;4;3;0,205
eil51;PDSTSP;true;wr16;51;0,427314816;true;32;-1;1411;81;25;1;10;10;4;21;0,4
eil51;PDSTSP;true;wr16;51;0,265568961;true;43;-1;1328;83;30;1;10;20;1;1;0,105
eil51;PDSTSP;true;wr16;51;0,164971151;true;42;-1;1330;77;24;1;10;20;1;3;0,205
eil51;PDSTSP;true;wr16;51;0,10306516;true;32;-1;1348;67;14;1;10;20;1;21;0,4
eil51;PDSTSP;true;wr16;51;0,036567151;true;43;-1;1329;68;14;1;10;20;2;1;0,105
eil51;PDSTSP;true;wr16;51;0,060173349;true;42;-1;1333;72;18;1;10;20;2;3;0,205
eil51;PDSTSP;true;wr16;51;0,155507974;true;32;-1;1369;78;24;1;10;20;2;21;0,4
eil51;PDSTSP;true;wr16;51;0,194275479;true;43;-1;1331;76;20;1;10;20;4;1;0,105
eil51;PDSTSP;true;wr16;51;0,057194661;true;42;-1;1339;79;23;1;10;20;4;3;0,205
eil51;PDSTSP;true;wr16;51;0,115963383;true;32;-1;1411;72;16;1;10;20;4;21;0,4
eil51;PDSTSP;true;wr16;51;0,292372133;true;43;-1;1328;83;30;1;10;40;1;1;0,105
eil51;PDSTSP;true;wr16;51;0,17434632;true;42;-1;1330;77;24;1;10;40;1;3;0,205
eil51;PDSTSP;true;wr16;51;0,245187568;true;32;-1;1348;78;25;1;10;40;1;21;0,4
eil51;PDSTSP;true;wr16;51;0,032736039;true;43;-1;1329;68;14;1;10;40;2;1;0,105
eil51;PDSTSP;true;wr16;51;0,056837727;true;42;-1;1333;72;18;1;10;40;2;3;0,205
eil51;PDSTSP;true;wr16;51;0,190235341;true;32;-1;1369;82;28;1;10;40;2;21;0,4
eil51;PDSTSP;true;wr16;51;0,183092787;true;43;-1;1331;76;20;1;10;40;4;1;0,105
eil51;PDSTSP;true;wr16;51;0,055258289;true;42;-1;1339;79;23;1;10;40;4;3;0,205
eil51;PDSTSP;true;wr16;51;0,174719991;true;32;-1;1411;84;28;1;10;40;4;21;0,4
eil51;PDSTSP;true;wr16;51;0,02786511;true;22;-1;1328;62;9;1;20;10;1;1;0,105
eil51;PDSTSP;true;wr16;51;0,109613557;true;21;-1;1330;65;12;1;20;10;1;3;0,205
eil51;PDSTSP;true;wr16;51;0,115480349;true;19;-1;1348;62;9;1;20;10;1;21;0,4
eil51;PDSTSP;true;wr16;51;0,029565209;true;22;-1;1329;61;7;1;20;10;2;1;0,105
eil51;PDSTSP;true;wr16;51;0,13550756;true;21;-1;1333;63;9;1;20;10;2;3;0,205
eil51;PDSTSP;true;wr16;51;0,520098608;true;18;-1;1369;89;35;1;20;10;2;21;0,4
eil51;PDSTSP;true;wr16;51;0,021704752;true;22;-1;1331;61;5;1;20;10;4;1;0,105
eil51;PDSTSP;true;wr16;51;0,203413324;true;21;-1;1339;78;22;1;20;10;4;3;0,205
eil51;PDSTSP;true;wr16;51;0,376345866;true;16;-1;1411;77;21;1;20;10;4;21;0,4
eil51;PDSTSP;true;wr16;51;0,041770954;true;11;-1;1328;72;19;1;40;10;1;1;0,105
eil51;PDSTSP;true;wr16;51;0,034827859;true;11;-1;1330;65;12;1;40;10;1;3;0,205
eil51;PDSTSP;true;wr16;51;0,01964104;true;10;-1;1348;58;5;1;40;10;1;21;0,4
eil51;PDSTSP;true;wr16;51;0,20576274;true;11;-1;1329;77;23;1;40;10;2;1;0,105
eil51;PDSTSP;true;wr16;51;0,033847431;true;11;-1;1333;65;11;1;40;10;2;3;0,205
eil51;PDSTSP;true;wr16;51;0,04261633;true;10;-1;1369;64;10;1;40;10;2;21;0,4
eil51;PDSTSP;true;wr16;51;0,140017629;true;11;-1;1331;69;13;1;40;10;4;1;0,105
eil51;PDSTSP;true;wr16;51;0,030347378;true;11;-1;1339;66;10;1;40;10;4;3;0,205
eil51;PDSTSP;true;wr16;51;0,688999246;true;9;-1;1411;96;40;1;40;10;4;21;0,4
fri26;PDSTSP;true;wr16;26;0,086487163;true;94;-1;352;44;17;1;10;10;1;0;0,1
fri26;PDSTSP;true;wr16;26;0,129983131;true;94;-1;352;44;17;1;10;10;1;0;0,2
fri26;PDSTSP;true;wr16;26;0,011318789;true;89;-1;354;36;8;1;10;10;1;2;0,4
fri26;PDSTSP;true;wr16;26;0,090174476;true;94;-1;352;44;17;1;10;10;2;0;0,1
fri26;PDSTSP;true;wr16;26;0,045727791;true;94;-1;352;44;17;1;10;10;2;0;0,2
fri26;PDSTSP;true;wr16;26;0,013976422;true;89;-1;356;37;8;1;10;10;2;2;0,4
fri26;PDSTSP;true;wr16;26;0,100409147;true;94;-1;352;44;17;1;10;10;4;0;0,1
fri26;PDSTSP;true;wr16;26;0,074407777;true;94;-1;352;44;17;1;10;10;4;0;0,2
fri26;PDSTSP;true;wr16;26;0,012570285;true;89;-1;360;38;7;1;10;10;4;2;0,4
fri26;PDSTSP;true;wr16;26;0,097446878;true;94;-1;352;44;17;1;10;20;1;0;0,1
fri26;PDSTSP;true;wr16;26;0,058057652;true;94;-1;352;44;17;1;10;20;1;0;0,2
fri26;PDSTSP;true;wr16;26;0,010339892;true;89;-1;354;36;8;1;10;20;1;2;0,4
fri26;PDSTSP;true;wr16;26;0,115699617;true;94;-1;352;44;17;1;10;20;2;0;0,1
fri26;PDSTSP;true;wr16;26;0,091515432;true;94;-1;352;44;17;1;10;20;2;0;0,2
fri26;PDSTSP;true;wr16;26;0,011316806;true;89;-1;356;37;8;1;10;20;2;2;0,4
fri26;PDSTSP;true;wr16;26;0,08213451;true;94;-1;352;44;17;1;10;20;4;0;0,1
fri26;PDSTSP;true;wr16;26;0,084577307;true;94;-1;352;44;17;1;10;20;4;0;0,2
fri26;PDSTSP;true;wr16;26;0,008411957;true;89;-1;360;38;7;1;10;20;4;2;0,4
fri26;PDSTSP;true;wr16;26;0,088801455;true;94;-1;352;44;17;1;10;40;1;0;0,1
fri26;PDSTSP;true;wr16;26;0,108023935;true;94;-1;352;44;17;1;10;40;1;0;0,2
fri26;PDSTSP;true;wr16;26;0,009506993;true;89;-1;354;36;8;1;10;40;1;2;0,4
fri26;PDSTSP;true;wr16;26;0,104502224;true;94;-1;352;44;17;1;10;40;2;0;0,1
fri26;PDSTSP;true;wr16;26;0,069864245;true;94;-1;352;44;17;1;10;40;2;0;0,2
fri26;PDSTSP;true;wr16;26;0,007812558;true;89;-1;356;37;8;1;10;40;2;2;0,4
fri26;PDSTSP;true;wr16;26;0,111415576;true;94;-1;352;44;17;1;10;40;4;0;0,1
fri26;PDSTSP;true;wr16;26;0,08774588;true;94;-1;352;44;17;1;10;40;4;0;0,2
fri26;PDSTSP;true;wr16;26;0,013638323;true;89;-1;360;38;7;1;10;40;4;2;0,4
fri26;PDSTSP;true;wr16;26;0,06338586;true;47;-1;352;45;18;1;20;10;1;0;0,1
fri26;PDSTSP;true;wr16;26;0,097075206;true;47;-1;352;45;18;1;20;10;1;0;0,2
fri26;PDSTSP;true;wr16;26;0,013406847;true;45;-1;354;36;8;1;20;10;1;2;0,4
fri26;PDSTSP;true;wr16;26;0,092375274;true;47;-1;352;45;18;1;20;10;2;0;0,1
fri26;PDSTSP;true;wr16;26;0,057069214;true;47;-1;352;45;18;1;20;10;2;0;0,2
fri26;PDSTSP;true;wr16;26;0,012360388;true;45;-1;356;37;8;1;20;10;2;2;0,4
fri26;PDSTSP;true;wr16;26;0,072500517;true;47;-1;352;45;18;1;20;10;4;0;0,1
fri26;PDSTSP;true;wr16;26;0,049012394;true;47;-1;352;45;18;1;20;10;4;0;0,2
fri26;PDSTSP;true;wr16;26;0,010947189;true;45;-1;360;38;7;1;20;10;4;2;0,4
fri26;PDSTSP;true;wr16;26;0,075432184;true;24;-1;352;43;16;1;40;10;1;0;0,1
fri26;PDSTSP;true;wr16;26;0,117290525;true;24;-1;352;43;16;1;40;10;1;0;0,2
fri26;PDSTSP;true;wr16;26;0,050051135;true;23;-1;354;34;6;1;40;10;1;2;0,4
fri26;PDSTSP;true;wr16;26;0,103823131;true;24;-1;352;43;16;1;40;10;2;0;0,1
fri26;PDSTSP;true;wr16;26;0,08489561;true;24;-1;352;43;16;1;40;10;2;0;0,2
fri26;PDSTSP;true;wr16;26;0,018175975;true;23;-1;356;36;7;1;40;10;2;2;0,4
fri26;PDSTSP;true;wr16;26;0,09675332;true;24;-1;352;43;16;1;40;10;4;0;0,1
fri26;PDSTSP;true;wr16;26;0,083619408;true;24;-1;352;43;16;1;40;10;4;0;0,2
fri26;PDSTSP;true;wr16;26;0,011113871;true;23;-1;360;36;5;1;40;10;4;2;0,4
gr120;PDSTSP;true;wr16;120;1,858960533;true;692;-1;7264;199;77;1;10;10;1;3;0,1
gr120;PDSTSP;true;wr16;120;1,815147884;true;670;-1;7271;178;56;1;10;10;1;10;0,2
gr120;PDSTSP;true;wr16;120;16,61615843;true;607;-1;7297;318;196;1;10;10;1;36;0,4
gr120;PDSTSP;true;wr16;120;1,672842826;true;692;-1;7267;205;82;1;10;10;2;3;0,1
gr120;PDSTSP;true;wr16;120;1,733761929;true;670;-1;7281;232;109;1;10;10;2;10;0,2
gr120;PDSTSP;true;wr16;120;1,916457037;true;692;-1;7273;205;80;1;10;10;4;3;0,1
gr120;PDSTSP;true;wr16;120;2,112158149;true;670;-1;7301;181;56;1;10;10;4;10;0,2
gr120;PDSTSP;true;wr16;120;1,810101177;true;692;-1;7264;199;77;1;10;20;1;3;0,1
gr120;PDSTSP;true;wr16;120;1,880824445;true;670;-1;7271;178;56;1;10;20;1;10;0,2
gr120;PDSTSP;true;wr16;120;1,666210112;true;692;-1;7267;205;82;1;10;20;2;3;0,1
gr120;PDSTSP;true;wr16;120;1,789575174;true;670;-1;7281;232;109;1;10;20;2;10;0,2
gr120;PDSTSP;true;wr16;120;1,912143033;true;692;-1;7273;205;80;1;10;20;4;3;0,1
gr120;PDSTSP;true;wr16;120;2,094039635;true;670;-1;7301;181;56;1;10;20;4;10;0,2
gr120;PDSTSP;true;wr16;120;1,883037913;true;692;-1;7264;199;77;1;10;40;1;3;0,1
gr120;PDSTSP;true;wr16;120;1,827919463;true;670;-1;7271;178;56;1;10;40;1;10;0,2
gr120;PDSTSP;true;wr16;120;1,659034542;true;692;-1;7267;205;82;1;10;40;2;3;0,1
gr120;PDSTSP;true;wr16;120;1,697898784;true;670;-1;7281;232;109;1;10;40;2;10;0,2
gr120;PDSTSP;true;wr16;120;1,910538758;true;692;-1;7273;205;80;1;10;40;4;3;0,1
gr120;PDSTSP;true;wr16;120;2,036190182;true;670;-1;7301;181;56;1;10;40;4;10;0,2
gr120;PDSTSP;true;wr16;120;1,726418955;true;346;-1;7264;216;94;1;20;10;1;3;0,1
gr120;PDSTSP;true;wr16;120;2,064907371;true;335;-1;7271;190;68;1;20;10;1;10;0,2
gr120;PDSTSP;true;wr16;120;8,382783323;true;321;-1;7297;301;179;1;20;10;1;36;0,4
gr120;PDSTSP;true;wr16;120;1,592516836;true;346;-1;7267;171;48;1;20;10;2;3;0,1
gr120;PDSTSP;true;wr16;120;1,612054525;true;335;-1;7281;189;66;1;20;10;2;10;0,2
gr120;PDSTSP;true;wr16;120;4740,915694;true;304;-1;7333;283;160;1;20;10;2;36;0,4
gr120;PDSTSP;true;wr16;120;1,577826502;true;346;-1;7273;182;57;1;20;10;4;3;0,1
gr120;PDSTSP;true;wr16;120;1,908095416;true;335;-1;7301;186;61;1;20;10;4;10;0,2
gr120;PDSTSP;true;wr16;120;1,621431002;true;173;-1;7264;218;96;1;40;10;1;3;0,1
gr120;PDSTSP;true;wr16;120;2,669623365;true;169;-1;7271;214;92;1;40;10;1;10;0,2
gr120;PDSTSP;true;wr16;120;2,286129556;true;166;-1;7297;190;68;1;40;10;1;36;0,4
gr120;PDSTSP;true;wr16;120;1,819221021;true;173;-1;7267;178;55;1;40;10;2;3;0,1
gr120;PDSTSP;true;wr16;120;2,105466212;true;168;-1;7281;187;64;1;40;10;2;10;0,2
gr120;PDSTSP;true;wr16;120;65,19457117;true;161;-1;7333;249;126;1;40;10;2;36;0,4
gr120;PDSTSP;true;wr16;120;1,669183237;true;173;-1;7273;194;69;1;40;10;4;3;0,1
gr120;PDSTSP;true;wr16;120;1,877262897;true;168;-1;7301;211;86;1;40;10;4;10;0,2
gr17;PDSTSP;true;wr16;17;0,011706695;true;209;-1;154;27;9;1;10;10;1;0;0,1
gr17;PDSTSP;true;wr16;17;0,010355923;true;198;-1;158;24;5;1;10;10;1;4;0,2
gr17;PDSTSP;true;wr16;17;0,128201974;true;186;-1;162;24;5;1;10;10;1;8;0,4
gr17;PDSTSP;true;wr16;17;0,008521383;true;209;-1;154;27;9;1;10;10;2;0;0,1
gr17;PDSTSP;true;wr16;17;0,007376227;true;198;-1;162;26;6;1;10;10;2;4;0,2
gr17;PDSTSP;true;wr16;17;0,063274726;true;186;-1;170;26;6;1;10;10;2;8;0,4
gr17;PDSTSP;true;wr16;17;0,010596846;true;209;-1;154;27;9;1;10;10;4;0;0,1
gr17;PDSTSP;true;wr16;17;0,01058284;true;198;-1;170;27;5;1;10;10;4;4;0,2
gr17;PDSTSP;true;wr16;17;0,110490355;true;186;-1;186;29;7;1;10;10;4;8;0,4
gr17;PDSTSP;true;wr16;17;0,011965037;true;209;-1;154;27;9;1;10;20;1;0;0,1
gr17;PDSTSP;true;wr16;17;0,010324022;true;198;-1;158;24;5;1;10;20;1;4;0,2
gr17;PDSTSP;true;wr16;17;0,100349893;true;186;-1;162;27;8;1;10;20;1;8;0,4
gr17;PDSTSP;true;wr16;17;0,008848631;true;209;-1;154;27;9;1;10;20;2;0;0,1
gr17;PDSTSP;true;wr16;17;0,008348423;true;198;-1;162;26;6;1;10;20;2;4;0,2
gr17;PDSTSP;true;wr16;17;0,090298268;true;186;-1;170;26;6;1;10;20;2;8;0,4
gr17;PDSTSP;true;wr16;17;0,009815392;true;209;-1;154;27;9;1;10;20;4;0;0,1
gr17;PDSTSP;true;wr16;17;0,009882954;true;198;-1;170;27;5;1;10;20;4;4;0,2
gr17;PDSTSP;true;wr16;17;0,107422981;true;186;-1;186;29;7;1;10;20;4;8;0,4
gr17;PDSTSP;true;wr16;17;0,013086609;true;209;-1;154;27;9;1;10;40;1;0;0,1
gr17;PDSTSP;true;wr16;17;0,010948317;true;198;-1;158;24;5;1;10;40;1;4;0,2
gr17;PDSTSP;true;wr16;17;0,098350113;true;186;-1;162;27;8;1;10;40;1;8;0,4
gr17;PDSTSP;true;wr16;17;0,013017797;true;209;-1;154;27;9;1;10;40;2;0;0,1
gr17;PDSTSP;true;wr16;17;0,01053106;true;198;-1;162;26;6;1;10;40;2;4;0,2
gr17;PDSTSP;true;wr16;17;0,115612677;true;186;-1;170;26;6;1;10;40;2;8;0,4
gr17;PDSTSP;true;wr16;17;0,008134312;true;209;-1;154;27;9;1;10;40;4;0;0,1
gr17;PDSTSP;true;wr16;17;0,007321858;true;198;-1;170;27;5;1;10;40;4;4;0,2
gr17;PDSTSP;true;wr16;17;0,083241635;true;186;-1;186;29;7;1;10;40;4;8;0,4
gr17;PDSTSP;true;wr16;17;0,00937824;true;105;-1;154;27;9;1;20;10;1;0;0,1
gr17;PDSTSP;true;wr16;17;0,009343604;true;99;-1;158;24;5;1;20;10;1;4;0,2
gr17;PDSTSP;true;wr16;17;0,067114807;true;95;-1;162;28;9;1;20;10;1;8;0,4
gr17;PDSTSP;true;wr16;17;0,008198431;true;105;-1;154;27;9;1;20;10;2;0;0,1
gr17;PDSTSP;true;wr16;17;0,007562851;true;99;-1;162;26;6;1;20;10;2;4;0,2
gr17;PDSTSP;true;wr16;17;0,112219543;true;93;-1;170;27;7;1;20;10;2;8;0,4
gr17;PDSTSP;true;wr16;17;0,017491024;true;105;-1;154;27;9;1;20;10;4;0;0,1
gr17;PDSTSP;true;wr16;17;0,0105922;true;99;-1;170;27;5;1;20;10;4;4;0,2
gr17;PDSTSP;true;wr16;17;0,103202289;true;93;-1;186;29;7;1;20;10;4;8;0,4
gr17;PDSTSP;true;wr16;17;0,014336605;true;53;-1;154;27;9;1;40;10;1;0;0,1
gr17;PDSTSP;true;wr16;17;0,009608321;true;50;-1;158;24;5;1;40;10;1;4;0,2
gr17;PDSTSP;true;wr16;17;0,06654536;true;50;-1;162;29;10;1;40;10;1;8;0,4
gr17;PDSTSP;true;wr16;17;0,008986813;true;53;-1;154;27;9;1;40;10;2;0;0,1
gr17;PDSTSP;true;wr16;17;0,007540634;true;50;-1;162;26;6;1;40;10;2;4;0,2
gr17;PDSTSP;true;wr16;17;0,106322829;true;49;-1;170;28;8;1;40;10;2;8;0,4
gr17;PDSTSP;true;wr16;17;0,012518198;true;53;-1;154;27;9;1;40;10;4;0;0,1
gr17;PDSTSP;true;wr16;17;0,012719379;true;50;-1;170;27;5;1;40;10;4;4;0,2
gr17;PDSTSP;true;wr16;17;0,083640724;true;49;-1;186;29;7;1;40;10;4;8;0,4
gr21;PDSTSP;true;wr16;21;0,005848696;true;271;-1;232;23;1;1;10;10;1;0;0,1
gr21;PDSTSP;true;wr16;21;0,080892142;true;269;-1;236;24;1;1;10;10;1;4;0,2
gr21;PDSTSP;true;wr16;21;0,099632599;true;241;-1;241;27;4;1;10;10;1;9;0,4
gr21;PDSTSP;true;wr16;21;0,005836236;true;271;-1;232;23;1;1;10;10;2;0;0,1
gr21;PDSTSP;true;wr16;21;0,008148133;true;269;-1;240;24;0;1;10;10;2;4;0,2
gr21;PDSTSP;true;wr16;21;0,079271594;true;239;-1;250;31;7;1;10;10;2;9;0,4
gr21;PDSTSP;true;wr16;21;0,006092944;true;271;-1;232;23;1;1;10;10;4;0;0,1
gr21;PDSTSP;true;wr16;21;0,120206799;true;269;-1;248;30;4;1;10;10;4;4;0,2
gr21;PDSTSP;true;wr16;21;0,110999117;true;239;-1;268;29;3;1;10;10;4;9;0,4
gr21;PDSTSP;true;wr16;21;0,006902892;true;271;-1;232;23;1;1;10;20;1;0;0,1
gr21;PDSTSP;true;wr16;21;0,077541268;true;269;-1;236;24;1;1;10;20;1;4;0,2
gr21;PDSTSP;true;wr16;21;0,090186913;true;239;-1;241;27;4;1;10;20;1;9;0,4
gr21;PDSTSP;true;wr16;21;0,004956266;true;271;-1;232;23;1;1;10;20;2;0;0,1
gr21;PDSTSP;true;wr16;21;0,004833927;true;269;-1;240;24;0;1;10;20;2;4;0,2
gr21;PDSTSP;true;wr16;21;0,09884015;true;239;-1;250;30;6;1;10;20;2;9;0,4
gr21;PDSTSP;true;wr16;21;0,006524898;true;271;-1;232;23;1;1;10;20;4;0;0,1
gr21;PDSTSP;true;wr16;21;0,116513638;true;269;-1;248;30;4;1;10;20;4;4;0,2
gr21;PDSTSP;true;wr16;21;0,063141023;true;239;-1;268;32;6;1;10;20;4;9;0,4
gr21;PDSTSP;true;wr16;21;0,006149901;true;271;-1;232;23;1;1;10;40;1;0;0,1
gr21;PDSTSP;true;wr16;21;0,065213739;true;269;-1;236;24;1;1;10;40;1;4;0,2
gr21;PDSTSP;true;wr16;21;0,08619017;true;239;-1;241;27;4;1;10;40;1;9;0,4
gr21;PDSTSP;true;wr16;21;0,004473135;true;271;-1;232;23;1;1;10;40;2;0;0,1
gr21;PDSTSP;true;wr16;21;0,008117532;true;269;-1;240;24;0;1;10;40;2;4;0,2
gr21;PDSTSP;true;wr16;21;0,137133049;true;239;-1;250;30;6;1;10;40;2;9;0,4
gr21;PDSTSP;true;wr16;21;0,004449861;true;271;-1;232;23;1;1;10;40;4;0;0,1
gr21;PDSTSP;true;wr16;21;0,099426755;true;269;-1;248;30;4;1;10;40;4;4;0,2
gr21;PDSTSP;true;wr16;21;0,110883293;true;239;-1;268;32;6;1;10;40;4;9;0,4
gr21;PDSTSP;true;wr16;21;0,00691493;true;136;-1;232;23;1;1;20;10;1;0;0,1
gr21;PDSTSP;true;wr16;21;0,057388903;true;135;-1;236;24;1;1;20;10;1;4;0,2
gr21;PDSTSP;true;wr16;21;0,084703656;true;123;-1;241;25;2;1;20;10;1;9;0,4
gr21;PDSTSP;true;wr16;21;0,004003228;true;136;-1;232;23;1;1;20;10;2;0;0,1
gr21;PDSTSP;true;wr16;21;0,059239751;true;135;-1;240;26;2;1;20;10;2;4;0,2
gr21;PDSTSP;true;wr16;21;0,083346741;true;121;-1;250;33;9;1;20;10;2;9;0,4
gr21;PDSTSP;true;wr16;21;0,004828683;true;136;-1;232;23;1;1;20;10;4;0;0,1
gr21;PDSTSP;true;wr16;21;0,069135409;true;135;-1;248;29;3;1;20;10;4;4;0,2
gr21;PDSTSP;true;wr16;21;0,079463872;true;120;-1;268;32;6;1;20;10;4;9;0,4
gr21;PDSTSP;true;wr16;21;0,005039726;true;68;-1;232;23;1;1;40;10;1;0;0,1
gr21;PDSTSP;true;wr16;21;0,009693389;true;68;-1;236;25;2;1;40;10;1;4;0,2
gr21;PDSTSP;true;wr16;21;0,058777024;true;65;-1;241;26;3;1;40;10;1;9;0,4
gr21;PDSTSP;true;wr16;21;0,004431469;true;68;-1;232;23;1;1;40;10;2;0;0,1
gr21;PDSTSP;true;wr16;21;0,007746185;true;68;-1;240;25;1;1;40;10;2;4;0,2
gr21;PDSTSP;true;wr16;21;0,135847941;true;62;-1;250;26;2;1;40;10;2;9;0,4
gr21;PDSTSP;true;wr16;21;0,004290661;true;68;-1;232;23;1;1;40;10;4;0;0,1
gr21;PDSTSP;true;wr16;21;0,009040659;true;68;-1;248;26;0;1;40;10;4;4;0,2
gr21;PDSTSP;true;wr16;21;0,146523097;true;61;-1;268;28;2;1;40;10;4;9;0,4
gr24;PDSTSP;true;wr16;24;0,012209226;true;128;-1;301;32;7;1;10;10;1;0;0,1
gr24;PDSTSP;true;wr16;24;0,058955018;true;128;-1;302;33;7;1;10;10;1;1;0,2
gr24;PDSTSP;true;wr16;24;0,012764391;true;123;-1;305;32;6;1;10;10;1;4;0,4
gr24;PDSTSP;true;wr16;24;0,010654655;true;128;-1;301;32;7;1;10;10;2;0;0,1
gr24;PDSTSP;true;wr16;24;0,101143884;true;128;-1;303;33;6;1;10;10;2;1;0,2
gr24;PDSTSP;true;wr16;24;0,009962276;true;123;-1;309;34;7;1;10;10;2;4;0,4
gr24;PDSTSP;true;wr16;24;0,010789416;true;128;-1;301;32;7;1;10;10;4;0;0,1
gr24;PDSTSP;true;wr16;24;0,105772448;true;128;-1;305;36;7;1;10;10;4;1;0,2
gr24;PDSTSP;true;wr16;24;0,012688224;true;123;-1;317;34;5;1;10;10;4;4;0,4
gr24;PDSTSP;true;wr16;24;0,011915976;true;128;-1;301;32;7;1;10;20;1;0;0,1
gr24;PDSTSP;true;wr16;24;0,074229744;true;128;-1;302;33;7;1;10;20;1;1;0,2
gr24;PDSTSP;true;wr16;24;0,012723049;true;123;-1;305;32;6;1;10;20;1;4;0,4
gr24;PDSTSP;true;wr16;24;0,012038196;true;128;-1;301;32;7;1;10;20;2;0;0,1
gr24;PDSTSP;true;wr16;24;0,112978649;true;128;-1;303;33;6;1;10;20;2;1;0,2
gr24;PDSTSP;true;wr16;24;0,008378808;true;123;-1;309;34;7;1;10;20;2;4;0,4
gr24;PDSTSP;true;wr16;24;0,010191904;true;128;-1;301;32;7;1;10;20;4;0;0,1
gr24;PDSTSP;true;wr16;24;0,066933371;true;128;-1;305;36;7;1;10;20;4;1;0,2
gr24;PDSTSP;true;wr16;24;0,008879393;true;123;-1;317;34;5;1;10;20;4;4;0,4
gr24;PDSTSP;true;wr16;24;0,011783899;true;128;-1;301;32;7;1;10;40;1;0;0,1
gr24;PDSTSP;true;wr16;24;0,057430044;true;128;-1;302;33;7;1;10;40;1;1;0,2
gr24;PDSTSP;true;wr16;24;0,008616246;true;123;-1;305;32;6;1;10;40;1;4;0,4
gr24;PDSTSP;true;wr16;24;0,008335569;true;128;-1;301;32;7;1;10;40;2;0;0,1
gr24;PDSTSP;true;wr16;24;0,10748271;true;128;-1;303;33;6;1;10;40;2;1;0,2
gr24;PDSTSP;true;wr16;24;0,010777435;true;123;-1;309;34;7;1;10;40;2;4;0,4
gr24;PDSTSP;true;wr16;24;0,010352035;true;128;-1;301;32;7;1;10;40;4;0;0,1
gr24;PDSTSP;true;wr16;24;0,090946452;true;128;-1;305;36;7;1;10;40;4;1;0,2
gr24;PDSTSP;true;wr16;24;0,010275003;true;123;-1;317;34;5;1;10;40;4;4;0,4
gr24;PDSTSP;true;wr16;24;0,01241309;true;64;-1;301;32;7;1;20;10;1;0;0,1
gr24;PDSTSP;true;wr16;24;0,049488995;true;64;-1;302;32;6;1;20;10;1;1;0,2
gr24;PDSTSP;true;wr16;24;0,013304775;true;62;-1;305;30;4;1;20;10;1;4;0,4
gr24;PDSTSP;true;wr16;24;0,010106323;true;64;-1;301;32;7;1;20;10;2;0;0,1
gr24;PDSTSP;true;wr16;24;0,11064409;true;64;-1;303;35;8;1;20;10;2;1;0,2
gr24;PDSTSP;true;wr16;24;0,010158021;true;62;-1;309;34;7;1;20;10;2;4;0,4
gr24;PDSTSP;true;wr16;24;0,009078726;true;64;-1;301;32;7;1;20;10;4;0;0,1
gr24;PDSTSP;true;wr16;24;0,05891751;true;64;-1;305;34;5;1;20;10;4;1;0,2
gr24;PDSTSP;true;wr16;24;0,009330255;true;62;-1;317;34;5;1;20;10;4;4;0,4
gr24;PDSTSP;true;wr16;24;0,011706567;true;32;-1;301;30;5;1;40;10;1;0;0,1
gr24;PDSTSP;true;wr16;24;0,062792627;true;32;-1;302;34;8;1;40;10;1;1;0,2
gr24;PDSTSP;true;wr16;24;0,074611412;true;32;-1;305;33;7;1;40;10;1;4;0,4
gr24;PDSTSP;true;wr16;24;0,01247626;true;32;-1;301;30;5;1;40;10;2;0;0,1
gr24;PDSTSP;true;wr16;24;0,095088454;true;32;-1;303;33;6;1;40;10;2;1;0,2
gr24;PDSTSP;true;wr16;24;0,017083545;true;31;-1;309;34;7;1;40;10;2;4;0,4
gr24;PDSTSP;true;wr16;24;0,013132862;true;32;-1;301;30;5;1;40;10;4;0;0,1
gr24;PDSTSP;true;wr16;24;0,073950385;true;32;-1;305;37;8;1;40;10;4;1;0,2
gr24;PDSTSP;true;wr16;24;0,013686124;true;31;-1;317;33;4;1;40;10;4;4;0,4
gr48;PDSTSP;true;wr16;48;0,20718557;true;504;-1;1178;73;23;1;10;10;1;1;0,1
gr48;PDSTSP;true;wr16;48;0,349074783;true;488;-1;1184;73;23;1;10;10;1;7;0,2
gr48;PDSTSP;true;wr16;48;0,632591804;true;459;-1;1190;125;75;1;10;10;1;13;0,4
gr48;PDSTSP;true;wr16;48;0,232764385;true;504;-1;1179;76;25;1;10;10;2;1;0,1
gr48;PDSTSP;true;wr16;48;0,234821456;true;488;-1;1191;69;18;1;10;10;2;7;0,2
gr48;PDSTSP;true;wr16;48;0,942690022;true;459;-1;1203;126;75;1;10;10;2;13;0,4
gr48;PDSTSP;true;wr16;48;0,185318794;true;504;-1;1181;72;19;1;10;10;4;1;0,1
gr48;PDSTSP;true;wr16;48;0,27190679;true;488;-1;1205;78;25;1;10;10;4;7;0,2
gr48;PDSTSP;true;wr16;48;25,70341763;true;459;-1;1229;121;68;1;10;10;4;13;0,4
gr48;PDSTSP;true;wr16;48;0,233027646;true;504;-1;1178;73;23;1;10;20;1;1;0,1
gr48;PDSTSP;true;wr16;48;0,334025859;true;488;-1;1184;73;23;1;10;20;1;7;0,2
gr48;PDSTSP;true;wr16;48;0,370264134;true;448;-1;1190;107;57;1;10;20;1;13;0,4
gr48;PDSTSP;true;wr16;48;0,177067607;true;504;-1;1179;76;25;1;10;20;2;1;0,1
gr48;PDSTSP;true;wr16;48;0,273665922;true;488;-1;1191;69;18;1;10;20;2;7;0,2
gr48;PDSTSP;true;wr16;48;1,376833443;true;459;-1;1203;134;83;1;10;20;2;13;0,4
gr48;PDSTSP;true;wr16;48;0,202798372;true;504;-1;1181;72;19;1;10;20;4;1;0,1
gr48;PDSTSP;true;wr16;48;0,259200853;true;488;-1;1205;78;25;1;10;20;4;7;0,2
gr48;PDSTSP;true;wr16;48;2,832799271;true;459;-1;1229;166;113;1;10;20;4;13;0,4
gr48;PDSTSP;true;wr16;48;0,206969691;true;504;-1;1178;73;23;1;10;40;1;1;0,1
gr48;PDSTSP;true;wr16;48;0,364709705;true;488;-1;1184;73;23;1;10;40;1;7;0,2
gr48;PDSTSP;true;wr16;48;0,341429485;true;448;-1;1190;107;57;1;10;40;1;13;0,4
gr48;PDSTSP;true;wr16;48;0,178217531;true;504;-1;1179;76;25;1;10;40;2;1;0,1
gr48;PDSTSP;true;wr16;48;0,258504016;true;488;-1;1191;69;18;1;10;40;2;7;0,2
gr48;PDSTSP;true;wr16;48;1,004239649;true;459;-1;1203;134;83;1;10;40;2;13;0,4
gr48;PDSTSP;true;wr16;48;0,177886793;true;504;-1;1181;72;19;1;10;40;4;1;0,1
gr48;PDSTSP;true;wr16;48;0,286638173;true;488;-1;1205;78;25;1;10;40;4;7;0,2
gr48;PDSTSP;true;wr16;48;2,830582279;true;459;-1;1229;166;113;1;10;40;4;13;0,4
gr48;PDSTSP;true;wr16;48;0,279234358;true;252;-1;1178;76;26;1;20;10;1;1;0,1
gr48;PDSTSP;true;wr16;48;0,375290139;true;244;-1;1184;73;23;1;20;10;1;7;0,2
gr48;PDSTSP;true;wr16;48;0,506343184;true;232;-1;1190;112;62;1;20;10;1;13;0,4
gr48;PDSTSP;true;wr16;48;0,163444271;true;252;-1;1179;75;24;1;20;10;2;1;0,1
gr48;PDSTSP;true;wr16;48;0,240598445;true;242;-1;1191;67;16;1;20;10;2;7;0,2
gr48;PDSTSP;true;wr16;48;1,265105051;true;230;-1;1203;139;88;1;20;10;2;13;0,4
gr48;PDSTSP;true;wr16;48;0,121051958;true;252;-1;1181;72;19;1;20;10;4;1;0,1
gr48;PDSTSP;true;wr16;48;0,236913241;true;244;-1;1205;76;23;1;20;10;4;7;0,2
gr48;PDSTSP;true;wr16;48;4,233239204;true;230;-1;1229;150;97;1;20;10;4;13;0,4
gr48;PDSTSP;true;wr16;48;0,291678454;true;126;-1;1178;72;22;1;40;10;1;1;0,1
gr48;PDSTSP;true;wr16;48;0,217442124;true;122;-1;1184;75;25;1;40;10;1;7;0,2
gr48;PDSTSP;true;wr16;48;0,261068444;true;119;-1;1190;71;21;1;40;10;1;13;0,4
gr48;PDSTSP;true;wr16;48;0,347247145;true;126;-1;1179;76;25;1;40;10;2;1;0,1
gr48;PDSTSP;true;wr16;48;0,402008487;true;122;-1;1191;74;23;1;40;10;2;7;0,2
gr48;PDSTSP;true;wr16;48;0,93821279;true;116;-1;1203;105;54;1;40;10;2;13;0,4
gr48;PDSTSP;true;wr16;48;0,240789465;true;126;-1;1181;76;23;1;40;10;4;1;0,1
gr48;PDSTSP;true;wr16;48;0,259157311;true;122;-1;1205;83;30;1;40;10;4;7;0,2
gr48;PDSTSP;true;wr16;48;2,71606925;true;115;-1;1229;128;75;1;40;10;4;13;0,4
hk48;PDSTSP;true;wr16;48;0,148203075;true;1147;-1;1177;70;21;1;10;10;1;0;0,1
hk48;PDSTSP;true;wr16;48;0,081340939;true;1104;-1;1181;68;18;1;10;10;1;4;0,2
hk48;PDSTSP;true;wr16;48;0,333607838;true;955;-1;1191;72;22;1;10;10;1;14;0,4
hk48;PDSTSP;true;wr16;48;0,134915105;true;1147;-1;1177;70;21;1;10;10;2;0;0,1
hk48;PDSTSP;true;wr16;48;0,160758304;true;1104;-1;1185;76;25;1;10;10;2;4;0,2
hk48;PDSTSP;true;wr16;48;0,215774609;true;924;-1;1205;76;25;1;10;10;2;14;0,4
hk48;PDSTSP;true;wr16;48;0,151042479;true;1147;-1;1177;70;21;1;10;10;4;0;0,1
hk48;PDSTSP;true;wr16;48;0,199427259;true;1104;-1;1193;86;33;1;10;10;4;4;0,2
hk48;PDSTSP;true;wr16;48;0,271243686;true;924;-1;1233;83;30;1;10;10;4;14;0,4
hk48;PDSTSP;true;wr16;48;0,148734205;true;1147;-1;1177;70;21;1;10;20;1;0;0,1
hk48;PDSTSP;true;wr16;48;0,114354317;true;1104;-1;1181;68;18;1;10;20;1;4;0,2
hk48;PDSTSP;true;wr16;48;0,298061789;true;924;-1;1191;76;26;1;10;20;1;14;0,4
hk48;PDSTSP;true;wr16;48;0,175722732;true;1147;-1;1177;70;21;1;10;20;2;0;0,1
hk48;PDSTSP;true;wr16;48;0,130514867;true;1104;-1;1185;76;25;1;10;20;2;4;0,2
hk48;PDSTSP;true;wr16;48;0,249982984;true;924;-1;1205;93;42;1;10;20;2;14;0,4
hk48;PDSTSP;true;wr16;48;0,134157881;true;1147;-1;1177;70;21;1;10;20;4;0;0,1
hk48;PDSTSP;true;wr16;48;0,224750732;true;1104;-1;1193;86;33;1;10;20;4;4;0,2
hk48;PDSTSP;true;wr16;48;0,209662588;true;924;-1;1233;74;21;1;10;20;4;14;0,4
hk48;PDSTSP;true;wr16;48;0,145197535;true;1147;-1;1177;70;21;1;10;40;1;0;0,1
hk48;PDSTSP;true;wr16;48;0,13923082;true;1104;-1;1181;68;18;1;10;40;1;4;0,2
hk48;PDSTSP;true;wr16;48;0,178744412;true;924;-1;1191;74;24;1;10;40;1;14;0,4
hk48;PDSTSP;true;wr16;48;0,198612958;true;1147;-1;1177;70;21;1;10;40;2;0;0,1
hk48;PDSTSP;true;wr16;48;0,12468789;true;1104;-1;1185;76;25;1;10;40;2;4;0,2
hk48;PDSTSP;true;wr16;48;0,220719563;true;924;-1;1205;74;23;1;10;40;2;14;0,4
hk48;PDSTSP;true;wr16;48;0,128088757;true;1147;-1;1177;70;21;1;10;40;4;0;0,1
hk48;PDSTSP;true;wr16;48;0,21652524;true;1104;-1;1193;86;33;1;10;40;4;4;0,2
hk48;PDSTSP;true;wr16;48;0,487865439;true;924;-1;1233;84;31;1;10;40;4;14;0,4
hk48;PDSTSP;true;wr16;48;0,142674784;true;574;-1;1177;71;22;1;20;10;1;0;0,1
hk48;PDSTSP;true;wr16;48;0,035658952;true;552;-1;1181;72;22;1;20;10;1;4;0,2
hk48;PDSTSP;true;wr16;48;0,223577311;true;506;-1;1191;77;27;1;20;10;1;14;0,4
hk48;PDSTSP;true;wr16;48;0,155861738;true;574;-1;1177;71;22;1;20;10;2;0;0,1
hk48;PDSTSP;true;wr16;48;0,152772026;true;552;-1;1185;74;23;1;20;10;2;4;0,2
hk48;PDSTSP;true;wr16;48;0,328514985;true;478;-1;1205;82;31;1;20;10;2;14;0,4
hk48;PDSTSP;true;wr16;48;0,144190264;true;574;-1;1177;71;22;1;20;10;4;0;0,1
hk48;PDSTSP;true;wr16;48;0,132681667;true;552;-1;1193;76;23;1;20;10;4;4;0,2
hk48;PDSTSP;true;wr16;48;0,326875949;true;462;-1;1233;99;46;1;20;10;4;14;0,4
hk48;PDSTSP;true;wr16;48;0,149015499;true;287;-1;1177;69;20;1;40;10;1;0;0,1
hk48;PDSTSP;true;wr16;48;0,033319889;true;276;-1;1181;69;19;1;40;10;1;4;0,2
hk48;PDSTSP;true;wr16;48;0,466895049;true;266;-1;1191;73;23;1;40;10;1;14;0,4
hk48;PDSTSP;true;wr16;48;0,186451323;true;287;-1;1177;69;20;1;40;10;2;0;0,1
hk48;PDSTSP;true;wr16;48;0,221972147;true;276;-1;1185;78;27;1;40;10;2;4;0,2
hk48;PDSTSP;true;wr16;48;0,334146449;true;253;-1;1205;74;23;1;40;10;2;14;0,4
hk48;PDSTSP;true;wr16;48;0,157980597;true;287;-1;1177;69;20;1;40;10;4;0;0,1
hk48;PDSTSP;true;wr16;48;0,168744062;true;276;-1;1193;76;23;1;40;10;4;4;0,2
hk48;PDSTSP;true;wr16;48;0,613557772;true;239;-1;1233;90;37;1;40;10;4;14;0,4
Jungnickel9;PDSTSP;true;wr16;9;0,002922228;true;25;-1;46;11;1;1;10;10;1;0;0,1
Jungnickel9;PDSTSP;true;wr16;9;0,00273241;true;25;-1;47;11;0;1;10;10;1;1;0,205
Jungnickel9;PDSTSP;true;wr16;9;0,00733756;true;25;-1;48;13;2;1;10;10;1;2;0,405
Jungnickel9;PDSTSP;true;wr16;9;0,003599067;true;25;-1;46;11;1;1;10;10;2;0;0,1
Jungnickel9;PDSTSP;true;wr16;9;0,004713489;true;25;-1;48;13;1;1;10;10;2;1;0,205
Jungnickel9;PDSTSP;true;wr16;9;0,006116428;true;25;-1;50;13;1;1;10;10;2;2;0,405
Jungnickel9;PDSTSP;true;wr16;9;0,004198271;true;25;-1;46;11;1;1;10;10;4;0;0,1
Jungnickel9;PDSTSP;true;wr16;9;0,005213097;true;25;-1;50;14;0;1;10;10;4;1;0,205
Jungnickel9;PDSTSP;true;wr16;9;0,00508255;true;25;-1;54;15;1;1;10;10;4;2;0,405
Jungnickel9;PDSTSP;true;wr16;9;0,003507563;true;25;-1;46;11;1;1;10;20;1;0;0,1
Jungnickel9;PDSTSP;true;wr16;9;0,002957834;true;25;-1;47;11;0;1;10;20;1;1;0,205
Jungnickel9;PDSTSP;true;wr16;9;0,0063778;true;25;-1;48;13;2;1;10;20;1;2;0,405
Jungnickel9;PDSTSP;true;wr16;9;0,003624293;true;25;-1;46;11;1;1;10;20;2;0;0,1
Jungnickel9;PDSTSP;true;wr16;9;0,004956107;true;25;-1;48;13;1;1;10;20;2;1;0,205
Jungnickel9;PDSTSP;true;wr16;9;0,005990431;true;25;-1;50;13;1;1;10;20;2;2;0,405
Jungnickel9;PDSTSP;true;wr16;9;0,004181848;true;25;-1;46;11;1;1;10;20;4;0;0,1
Jungnickel9;PDSTSP;true;wr16;9;0,005171806;true;25;-1;50;14;0;1;10;20;4;1;0,205
Jungnickel9;PDSTSP;true;wr16;9;0,005275767;true;25;-1;54;15;1;1;10;20;4;2;0,405
Jungnickel9;PDSTSP;true;wr16;9;0,004227365;true;25;-1;46;11;1;1;10;40;1;0;0,1
Jungnickel9;PDSTSP;true;wr16;9;0,003973233;true;25;-1;47;11;0;1;10;40;1;1;0,205
Jungnickel9;PDSTSP;true;wr16;9;0,006464491;true;25;-1;48;13;2;1;10;40;1;2;0,405
Jungnickel9;PDSTSP;true;wr16;9;0,003780523;true;25;-1;46;11;1;1;10;40;2;0;0,1
Jungnickel9;PDSTSP;true;wr16;9;0,00342525;true;25;-1;48;13;1;1;10;40;2;1;0,205
Jungnickel9;PDSTSP;true;wr16;9;0,005664637;true;25;-1;50;13;1;1;10;40;2;2;0,405
Jungnickel9;PDSTSP;true;wr16;9;0,003951468;true;25;-1;46;11;1;1;10;40;4;0;0,1
Jungnickel9;PDSTSP;true;wr16;9;0,004948925;true;25;-1;50;14;0;1;10;40;4;1;0,205
Jungnickel9;PDSTSP;true;wr16;9;0,004915825;true;25;-1;54;15;1;1;10;40;4;2;0,405
Jungnickel9;PDSTSP;true;wr16;9;0,004933797;true;13;-1;46;11;1;1;20;10;1;0;0,1
Jungnickel9;PDSTSP;true;wr16;9;0,003571592;true;13;-1;47;11;0;1;20;10;1;1;0,205
Jungnickel9;PDSTSP;true;wr16;9;0,005190685;true;13;-1;48;13;2;1;20;10;1;2;0,405
Jungnickel9;PDSTSP;true;wr16;9;0,003154828;true;13;-1;46;11;1;1;20;10;2;0;0,1
Jungnickel9;PDSTSP;true;wr16;9;0,00417004;true;13;-1;48;13;1;1;20;10;2;1;0,205
Jungnickel9;PDSTSP;true;wr16;9;0,005146409;true;13;-1;50;13;1;1;20;10;2;2;0,405
Jungnickel9;PDSTSP;true;wr16;9;0,004459329;true;13;-1;46;11;1;1;20;10;4;0;0,1
Jungnickel9;PDSTSP;true;wr16;9;0,004441441;true;13;-1;50;14;0;1;20;10;4;1;0,205
Jungnickel9;PDSTSP;true;wr16;9;0,003465232;true;13;-1;54;15;1;1;20;10;4;2;0,405
Jungnickel9;PDSTSP;true;wr16;9;0,004383581;true;7;-1;46;11;1;1;40;10;1;0;0,1
Jungnickel9;PDSTSP;true;wr16;9;0,002475341;true;7;-1;47;11;0;1;40;10;1;1;0,205
Jungnickel9;PDSTSP;true;wr16;9;0,006118516;true;7;-1;48;12;1;1;40;10;1;2;0,405
Jungnickel9;PDSTSP;true;wr16;9;0,004046669;true;7;-1;46;11;1;1;40;10;2;0;0,1
Jungnickel9;PDSTSP;true;wr16;9;0,004557054;true;7;-1;48;13;1;1;40;10;2;1;0,205
Jungnickel9;PDSTSP;true;wr16;9;0,005436746;true;7;-1;50;13;1;1;40;10;2;2;0,405
Jungnickel9;PDSTSP;true;wr16;9;0,003633694;true;7;-1;46;11;1;1;40;10;4;0;0,1
Jungnickel9;PDSTSP;true;wr16;9;0,003414357;true;7;-1;50;14;0;1;40;10;4;1;0,205
Jungnickel9;PDSTSP;true;wr16;9;0,005114912;true;7;-1;54;15;1;1;40;10;4;2;0,405
parano40;PDSTSP;true;wr16;40;0,140058721;true;382;-1;823;61;19;1;10;10;1;2;0,1
parano40;PDSTSP;true;wr16;40;0,078771312;true;372;-1;825;57;15;1;10;10;1;4;0,2
parano40;PDSTSP;true;wr16;40;0,348639923;true;319;-1;836;66;24;1;10;10;1;15;0,4
parano40;PDSTSP;true;wr16;40;0,111081346;true;382;-1;825;61;18;1;10;10;2;2;0,1
parano40;PDSTSP;true;wr16;40;0,024518751;true;372;-1;829;58;15;1;10;10;2;4;0,2
parano40;PDSTSP;true;wr16;40;0,319790856;true;298;-1;851;74;31;1;10;10;2;15;0,4
parano40;PDSTSP;true;wr16;40;0,187247633;true;382;-1;829;62;17;1;10;10;4;2;0,1
parano40;PDSTSP;true;wr16;40;0,114113714;true;372;-1;837;57;12;1;10;10;4;4;0,2
parano40;PDSTSP;true;wr16;40;0,288738117;true;298;-1;881;64;19;1;10;10;4;15;0,4
parano40;PDSTSP;true;wr16;40;0,131844878;true;382;-1;823;61;19;1;10;20;1;2;0,1
parano40;PDSTSP;true;wr16;40;0,087313399;true;372;-1;825;57;15;1;10;20;1;4;0,2
parano40;PDSTSP;true;wr16;40;0,214821687;true;298;-1;836;62;20;1;10;20;1;15;0,4
parano40;PDSTSP;true;wr16;40;0,122868764;true;382;-1;825;61;18;1;10;20;2;2;0,1
parano40;PDSTSP;true;wr16;40;0,021994416;true;372;-1;829;58;15;1;10;20;2;4;0,2
parano40;PDSTSP;true;wr16;40;0,207042258;true;298;-1;851;61;18;1;10;20;2;15;0,4
parano40;PDSTSP;true;wr16;40;0,190388227;true;382;-1;829;62;17;1;10;20;4;2;0,1
parano40;PDSTSP;true;wr16;40;0,121974601;true;372;-1;837;57;12;1;10;20;4;4;0,2
parano40;PDSTSP;true;wr16;40;0,328278737;true;298;-1;881;67;22;1;10;20;4;15;0,4
parano40;PDSTSP;true;wr16;40;0,120648445;true;382;-1;823;61;19;1;10;40;1;2;0,1
parano40;PDSTSP;true;wr16;40;0,063092467;true;372;-1;825;57;15;1;10;40;1;4;0,2
parano40;PDSTSP;true;wr16;40;0,319963061;true;298;-1;836;60;18;1;10;40;1;15;0,4
parano40;PDSTSP;true;wr16;40;0,165868322;true;382;-1;825;61;18;1;10;40;2;2;0,1
parano40;PDSTSP;true;wr16;40;0,029027253;true;372;-1;829;58;15;1;10;40;2;4;0,2
parano40;PDSTSP;true;wr16;40;0,182867694;true;298;-1;851;64;21;1;10;40;2;15;0,4
parano40;PDSTSP;true;wr16;40;0,157252571;true;382;-1;829;62;17;1;10;40;4;2;0,1
parano40;PDSTSP;true;wr16;40;0,090742806;true;372;-1;837;57;12;1;10;40;4;4;0,2
parano40;PDSTSP;true;wr16;40;0,312406115;true;298;-1;881;65;20;1;10;40;4;15;0,4
parano40;PDSTSP;true;wr16;40;0,039243714;true;191;-1;823;56;14;1;20;10;1;2;0,1
parano40;PDSTSP;true;wr16;40;0,096318545;true;186;-1;825;57;15;1;20;10;1;4;0,2
parano40;PDSTSP;true;wr16;40;0,223027441;true;172;-1;836;65;23;1;20;10;1;15;0,4
parano40;PDSTSP;true;wr16;40;0,131263467;true;191;-1;825;61;18;1;20;10;2;2;0,1
parano40;PDSTSP;true;wr16;40;0,083548208;true;186;-1;829;57;14;1;20;10;2;4;0,2
parano40;PDSTSP;true;wr16;40;0,421036197;true;160;-1;851;59;16;1;20;10;2;15;0,4
parano40;PDSTSP;true;wr16;40;0,11354794;true;191;-1;829;60;15;1;20;10;4;2;0,1
parano40;PDSTSP;true;wr16;40;0,122474196;true;186;-1;837;57;12;1;20;10;4;4;0,2
parano40;PDSTSP;true;wr16;40;0,404888395;true;149;-1;881;69;24;1;20;10;4;15;0,4
parano40;PDSTSP;true;wr16;40;0,044180775;true;96;-1;823;55;13;1;40;10;1;2;0,1
parano40;PDSTSP;true;wr16;40;0,023689343;true;93;-1;825;58;16;1;40;10;1;4;0,2
parano40;PDSTSP;true;wr16;40;0,207317029;true;91;-1;836;58;16;1;40;10;1;15;0,4
parano40;PDSTSP;true;wr16;40;0,098956493;true;96;-1;825;55;12;1;40;10;2;2;0,1
parano40;PDSTSP;true;wr16;40;0,021717448;true;93;-1;829;58;15;1;40;10;2;4;0,2
parano40;PDSTSP;true;wr16;40;0,305562015;true;87;-1;851;62;19;1;40;10;2;15;0,4
parano40;PDSTSP;true;wr16;40;0,146059473;true;96;-1;829;61;16;1;40;10;4;2;0,1
parano40;PDSTSP;true;wr16;40;0,104066518;true;93;-1;837;63;18;1;40;10;4;4;0,2
parano40;PDSTSP;true;wr16;40;0,384682487;true;81;-1;881;72;27;1;40;10;4;15;0,4
ulysses16.tsp;PDSTSP;true;wr16;16;0,068342082;true;677;-1;139;23;5;1;10;10;1;2;0,1
ulysses16.tsp;PDSTSP;true;wr16;16;0,080092015;true;649;-1;141;24;6;1;10;10;1;4;0,2
ulysses16.tsp;PDSTSP;true;wr16;16;0,18926839;true;526;-1;149;66;48;1;10;10;1;12;0,4
ulysses16.tsp;PDSTSP;true;wr16;16;0,005899407;true;677;-1;141;23;4;1;10;10;2;2;0,1
ulysses16.tsp;PDSTSP;true;wr16;16;0,063394791;true;649;-1;145;24;5;1;10;10;2;4;0,2
ulysses16.tsp;PDSTSP;true;wr16;16;0,253270733;true;483;-1;161;141;122;1;10;10;2;12;0,4
ulysses16.tsp;PDSTSP;true;wr16;16;0,010262563;true;677;-1;145;26;5;1;10;10;4;2;0,1
ulysses16.tsp;PDSTSP;true;wr16;16;0,082061469;true;649;-1;153;25;4;1;10;10;4;4;0,2
ulysses16.tsp;PDSTSP;true;wr16;16;0,255303248;true;495;-1;185;138;117;1;10;10;4;12;0,4
ulysses16.tsp;PDSTSP;true;wr16;16;0,049863491;true;677;-1;139;23;5;1;10;20;1;2;0,1
ulysses16.tsp;PDSTSP;true;wr16;16;0,05935123;true;649;-1;141;24;6;1;10;20;1;4;0,2
ulysses16.tsp;PDSTSP;true;wr16;16;0,253844034;true;486;-1;149;131;113;1;10;20;1;12;0,4
ulysses16.tsp;PDSTSP;true;wr16;16;0,009453119;true;677;-1;141;23;4;1;10;20;2;2;0,1
ulysses16.tsp;PDSTSP;true;wr16;16;0,06314834;true;649;-1;145;24;5;1;10;20;2;4;0,2
ulysses16.tsp;PDSTSP;true;wr16;16;0,240371914;true;495;-1;161;138;119;1;10;20;2;12;0,4
ulysses16.tsp;PDSTSP;true;wr16;16;0,010122682;true;677;-1;145;26;5;1;10;20;4;2;0,1
ulysses16.tsp;PDSTSP;true;wr16;16;0,079584908;true;649;-1;153;25;4;1;10;20;4;4;0,2
ulysses16.tsp;PDSTSP;true;wr16;16;0,152693493;true;469;-1;185;91;70;1;10;20;4;12;0,4
ulysses16.tsp;PDSTSP;true;wr16;16;0,074706502;true;677;-1;139;23;5;1;10;40;1;2;0,1
ulysses16.tsp;PDSTSP;true;wr16;16;0,078219213;true;649;-1;141;24;6;1;10;40;1;4;0,2
ulysses16.tsp;PDSTSP;true;wr16;16;0,123731957;true;468;-1;149;90;72;1;10;40;1;12;0,4
ulysses16.tsp;PDSTSP;true;wr16;16;0,007942871;true;677;-1;141;23;4;1;10;40;2;2;0,1
ulysses16.tsp;PDSTSP;true;wr16;16;0,066303268;true;649;-1;145;24;5;1;10;40;2;4;0,2
ulysses16.tsp;PDSTSP;true;wr16;16;0,228990071;true;469;-1;161;102;83;1;10;40;2;12;0,4
ulysses16.tsp;PDSTSP;true;wr16;16;0,010597857;true;677;-1;145;26;5;1;10;40;4;2;0,1
ulysses16.tsp;PDSTSP;true;wr16;16;0,102726908;true;649;-1;153;25;4;1;10;40;4;4;0,2
ulysses16.tsp;PDSTSP;true;wr16;16;0,254187878;true;495;-1;185;138;117;1;10;40;4;12;0,4
ulysses16.tsp;PDSTSP;true;wr16;16;0,0104218;true;339;-1;139;23;5;1;20;10;1;2;0,1
ulysses16.tsp;PDSTSP;true;wr16;16;0,064947702;true;325;-1;141;24;6;1;20;10;1;4;0,2
ulysses16.tsp;PDSTSP;true;wr16;16;0,102924588;true;279;-1;149;31;13;1;20;10;1;12;0,4
ulysses16.tsp;PDSTSP;true;wr16;16;0,008488578;true;339;-1;141;23;4;1;20;10;2;2;0,1
ulysses16.tsp;PDSTSP;true;wr16;16;0,064870292;true;325;-1;145;24;5;1;20;10;2;4;0,2
ulysses16.tsp;PDSTSP;true;wr16;16;0,256201346;true;264;-1;161;59;40;1;20;10;2;12;0,4
ulysses16.tsp;PDSTSP;true;wr16;16;0,008071898;true;339;-1;145;26;5;1;20;10;4;2;0,1
ulysses16.tsp;PDSTSP;true;wr16;16;0,155278259;true;325;-1;153;25;4;1;20;10;4;4;0,2
ulysses16.tsp;PDSTSP;true;wr16;16;0,417667286;true;249;-1;185;146;125;1;20;10;4;12;0,4
ulysses16.tsp;PDSTSP;true;wr16;16;0,005832402;true;170;-1;139;23;5;1;40;10;1;2;0,1
ulysses16.tsp;PDSTSP;true;wr16;16;0,015940402;true;163;-1;141;25;7;1;40;10;1;4;0,2
ulysses16.tsp;PDSTSP;true;wr16;16;0,169065958;true;163;-1;149;41;23;1;40;10;1;12;0,4
ulysses16.tsp;PDSTSP;true;wr16;16;0,005160612;true;170;-1;141;23;4;1;40;10;2;2;0,1
ulysses16.tsp;PDSTSP;true;wr16;16;0,0580141;true;163;-1;145;24;5;1;40;10;2;4;0,2
ulysses16.tsp;PDSTSP;true;wr16;16;0,268664085;true;150;-1;161;67;48;1;40;10;2;12;0,4
ulysses16.tsp;PDSTSP;true;wr16;16;0,011442692;true;170;-1;145;27;6;1;40;10;4;2;0,1
ulysses16.tsp;PDSTSP;true;wr16;16;0,01488813;true;163;-1;153;25;4;1;40;10;4;4;0,2
ulysses16.tsp;PDSTSP;true;wr16;16;0,257008582;true;133;-1;185;47;26;1;40;10;4;12;0,4
ulysses22.tsp;PDSTSP;true;wr16;22;0,092614088;true;687;-1;257;34;10;1;10;10;1;3;0,1
ulysses22.tsp;PDSTSP;true;wr16;22;0,10638696;true;653;-1;261;38;14;1;10;10;1;7;0,2
ulysses22.tsp;PDSTSP;true;wr16;22;0,288532605;true;552;-1;272;129;105;1;10;10;1;18;0,4
ulysses22.tsp;PDSTSP;true;wr16;22;0,104029106;true;687;-1;260;38;13;1;10;10;2;3;0,1
ulysses22.tsp;PDSTSP;true;wr16;22;0,140132109;true;653;-1;268;40;15;1;10;10;2;7;0,2
ulysses22.tsp;PDSTSP;true;wr16;22;0,736802251;true;488;-1;290;218;193;1;10;10;2;18;0,4
ulysses22.tsp;PDSTSP;true;wr16;22;0,10291495;true;687;-1;266;39;12;1;10;10;4;3;0,1
ulysses22.tsp;PDSTSP;true;wr16;22;0,167235337;true;653;-1;282;45;18;1;10;10;4;7;0,2
ulysses22.tsp;PDSTSP;true;wr16;22;0,255312841;true;461;-1;326;136;109;1;10;10;4;18;0,4
ulysses22.tsp;PDSTSP;true;wr16;22;0,071986324;true;687;-1;257;34;10;1;10;20;1;3;0,1
ulysses22.tsp;PDSTSP;true;wr16;22;0,113540938;true;653;-1;261;43;19;1;10;20;1;7;0,2
ulysses22.tsp;PDSTSP;true;wr16;22;0,1653386;true;473;-1;272;56;32;1;10;20;1;18;0,4
ulysses22.tsp;PDSTSP;true;wr16;22;0,103904246;true;687;-1;260;38;13;1;10;20;2;3;0,1
ulysses22.tsp;PDSTSP;true;wr16;22;0,193718965;true;653;-1;268;43;18;1;10;20;2;7;0,2
ulysses22.tsp;PDSTSP;true;wr16;22;0,434235273;true;469;-1;290;335;310;1;10;20;2;18;0,4
ulysses22.tsp;PDSTSP;true;wr16;22;0,067339127;true;687;-1;266;39;12;1;10;20;4;3;0,1
ulysses22.tsp;PDSTSP;true;wr16;22;0,113892764;true;653;-1;282;40;13;1;10;20;4;7;0,2
ulysses22.tsp;PDSTSP;true;wr16;22;0,459416823;true;469;-1;326;398;371;1;10;20;4;18;0,4
ulysses22.tsp;PDSTSP;true;wr16;22;0,077361226;true;687;-1;257;34;10;1;10;40;1;3;0,1
ulysses22.tsp;PDSTSP;true;wr16;22;0,084936263;true;653;-1;261;43;19;1;10;40;1;7;0,2
ulysses22.tsp;PDSTSP;true;wr16;22;0,308768478;true;470;-1;272;270;246;1;10;40;1;18;0,4
ulysses22.tsp;PDSTSP;true;wr16;22;0,113331769;true;687;-1;260;38;13;1;10;40;2;3;0,1
ulysses22.tsp;PDSTSP;true;wr16;22;0,182332744;true;653;-1;268;43;18;1;10;40;2;7;0,2
ulysses22.tsp;PDSTSP;true;wr16;22;0,329296192;true;470;-1;290;284;259;1;10;40;2;18;0,4
ulysses22.tsp;PDSTSP;true;wr16;22;0,096505196;true;687;-1;266;39;12;1;10;40;4;3;0,1
ulysses22.tsp;PDSTSP;true;wr16;22;0,085772933;true;653;-1;282;40;13;1;10;40;4;7;0,2
ulysses22.tsp;PDSTSP;true;wr16;22;0,296367307;true;468;-1;326;194;167;1;10;40;4;18;0,4
ulysses22.tsp;PDSTSP;true;wr16;22;0,086489705;true;344;-1;257;33;9;1;20;10;1;3;0,1
ulysses22.tsp;PDSTSP;true;wr16;22;0,082909306;true;327;-1;261;37;13;1;20;10;1;7;0,2
ulysses22.tsp;PDSTSP;true;wr16;22;0,289023158;true;310;-1;272;101;77;1;20;10;1;18;0,4
ulysses22.tsp;PDSTSP;true;wr16;22;0,076802044;true;344;-1;260;38;13;1;20;10;2;3;0,1
ulysses22.tsp;PDSTSP;true;wr16;22;0,14732963;true;327;-1;268;38;13;1;20;10;2;7;0,2
ulysses22.tsp;PDSTSP;true;wr16;22;0,624420332;true;276;-1;290;93;68;1;20;10;2;18;0,4
ulysses22.tsp;PDSTSP;true;wr16;22;0,071772955;true;344;-1;266;39;12;1;20;10;4;3;0,1
ulysses22.tsp;PDSTSP;true;wr16;22;0,115003673;true;327;-1;282;43;16;1;20;10;4;7;0,2
ulysses22.tsp;PDSTSP;true;wr16;22;0,916472018;true;241;-1;326;164;137;1;20;10;4;18;0,4
ulysses22.tsp;PDSTSP;true;wr16;22;0,086638349;true;172;-1;257;34;10;1;40;10;1;3;0,1
ulysses22.tsp;PDSTSP;true;wr16;22;0,164660385;true;167;-1;261;37;13;1;40;10;1;7;0,2
ulysses22.tsp;PDSTSP;true;wr16;22;0,292390396;true;167;-1;272;57;33;1;40;10;1;18;0,4
ulysses22.tsp;PDSTSP;true;wr16;22;0,135711728;true;172;-1;260;37;12;1;40;10;2;3;0,1
ulysses22.tsp;PDSTSP;true;wr16;22;0,117422608;true;164;-1;268;40;15;1;40;10;2;7;0,2
ulysses22.tsp;PDSTSP;true;wr16;22;1,070755175;true;159;-1;290;116;91;1;40;10;2;18;0,4
ulysses22.tsp;PDSTSP;true;wr16;22;0,082571982;true;172;-1;266;38;11;1;40;10;4;3;0,1
ulysses22.tsp;PDSTSP;true;wr16;22;0,119833297;true;164;-1;282;42;15;1;40;10;4;7;0,2
ulysses22.tsp;PDSTSP;true;wr16;22;0,804922104;true;139;-1;326;67;40;1;40;10;4;18;0,4
wi29;PDSTSP;true;wr16;29;0,162457223;true;2761;-1;437;46;15;1;10;10;1;1;0,1
wi29;PDSTSP;true;wr16;29;0,119929154;true;2756;-1;438;54;23;1;10;10;1;2;0,2
wi29;PDSTSP;true;wr16;29;0,213040861;true;2558;-1;443;93;62;1;10;10;1;7;0,4
wi29;PDSTSP;true;wr16;29;0,101996624;true;2761;-1;438;50;18;1;10;10;2;1;0,1
wi29;PDSTSP;true;wr16;29;0,10655072;true;2756;-1;440;51;19;1;10;10;2;2;0,2
wi29;PDSTSP;true;wr16;29;0,225437267;true;2547;-1;450;84;52;1;10;10;2;7;0,4
wi29;PDSTSP;true;wr16;29;0,082261451;true;2761;-1;440;57;23;1;10;10;4;1;0,1
wi29;PDSTSP;true;wr16;29;0,092310745;true;2756;-1;444;51;17;1;10;10;4;2;0,2
wi29;PDSTSP;true;wr16;29;0,351818365;true;2547;-1;464;96;62;1;10;10;4;7;0,4
wi29;PDSTSP;true;wr16;29;0,108197988;true;2761;-1;437;46;15;1;10;20;1;1;0,1
wi29;PDSTSP;true;wr16;29;0,152923131;true;2756;-1;438;54;23;1;10;20;1;2;0,2
wi29;PDSTSP;true;wr16;29;0,376786922;true;2547;-1;443;88;57;1;10;20;1;7;0,4
wi29;PDSTSP;true;wr16;29;0,071455866;true;2761;-1;438;50;18;1;10;20;2;1;0,1
wi29;PDSTSP;true;wr16;29;0,073831418;true;2756;-1;440;51;19;1;10;20;2;2;0,2
wi29;PDSTSP;true;wr16;29;0,247921736;true;2547;-1;450;89;57;1;10;20;2;7;0,4
wi29;PDSTSP;true;wr16;29;0,07614982;true;2761;-1;440;57;23;1;10;20;4;1;0,1
wi29;PDSTSP;true;wr16;29;0,082246409;true;2756;-1;444;51;17;1;10;20;4;2;0,2
wi29;PDSTSP;true;wr16;29;0,549356477;true;2547;-1;464;91;57;1;10;20;4;7;0,4
wi29;PDSTSP;true;wr16;29;0,139150228;true;2761;-1;437;46;15;1;10;40;1;1;0,1
wi29;PDSTSP;true;wr16;29;0,074663289;true;2756;-1;438;54;23;1;10;40;1;2;0,2
wi29;PDSTSP;true;wr16;29;0,248628737;true;2501;-1;443;85;54;1;10;40;1;7;0,4
wi29;PDSTSP;true;wr16;29;0,085424741;true;2761;-1;438;50;18;1;10;40;2;1;0,1
wi29;PDSTSP;true;wr16;29;0,138526904;true;2756;-1;440;51;19;1;10;40;2;2;0,2
wi29;PDSTSP;true;wr16;29;0,336811448;true;2547;-1;450;88;56;1;10;40;2;7;0,4
wi29;PDSTSP;true;wr16;29;0,080155683;true;2761;-1;440;57;23;1;10;40;4;1;0,1
wi29;PDSTSP;true;wr16;29;0,116303167;true;2756;-1;444;51;17;1;10;40;4;2;0,2
wi29;PDSTSP;true;wr16;29;0,279773393;true;2547;-1;464;88;54;1;10;40;4;7;0,4
wi29;PDSTSP;true;wr16;29;0,082972488;true;1381;-1;437;49;18;1;20;10;1;1;0,1
wi29;PDSTSP;true;wr16;29;0,106473891;true;1378;-1;438;58;27;1;20;10;1;2;0,2
wi29;PDSTSP;true;wr16;29;0,241176463;true;1304;-1;443;84;53;1;20;10;1;7;0,4
wi29;PDSTSP;true;wr16;29;0,063897365;true;1381;-1;438;50;18;1;20;10;2;1;0,1
wi29;PDSTSP;true;wr16;29;0,121419783;true;1378;-1;440;56;24;1;20;10;2;2;0,2
wi29;PDSTSP;true;wr16;29;0,39990528;true;1279;-1;450;109;77;1;20;10;2;7;0,4
wi29;PDSTSP;true;wr16;29;0,070557942;true;1381;-1;440;53;19;1;20;10;4;1;0,1
wi29;PDSTSP;true;wr16;29;0,128576477;true;1378;-1;444;60;26;1;20;10;4;2;0,2
wi29;PDSTSP;true;wr16;29;0,468458658;true;1274;-1;464;89;55;1;20;10;4;7;0,4
wi29;PDSTSP;true;wr16;29;0,082227937;true;691;-1;437;49;18;1;40;10;1;1;0,1
wi29;PDSTSP;true;wr16;29;0,09438376;true;689;-1;438;50;19;1;40;10;1;2;0,2
wi29;PDSTSP;true;wr16;29;0,26104783;true;661;-1;443;66;35;1;40;10;1;7;0,4
wi29;PDSTSP;true;wr16;29;0,085012787;true;691;-1;438;51;19;1;40;10;2;1;0,1
wi29;PDSTSP;true;wr16;29;0,123089359;true;689;-1;440;51;19;1;40;10;2;2;0,2
wi29;PDSTSP;true;wr16;29;0,238369261;true;659;-1;450;76;44;1;40;10;2;7;0,4
wi29;PDSTSP;true;wr16;29;0,071975605;true;691;-1;440;53;19;1;40;10;4;1;0,1
wi29;PDSTSP;true;wr16;29;0,113792012;true;689;-1;444;60;26;1;40;10;4;2;0,2
wi29;PDSTSP;true;wr16;29;0,301125401;true;653;-1;464;98;64;1;40;10;4;7;0,4
